ad_text,industry,actual_ctr,impressions,factor_urgency,factor_social,factor_spec,factor_cta,factor_curiosity,factor_price
The training program you've been waiting for. Learn more. Save $75 instantly and get free shipping over $50. Available now. Rated 4.8/5 by thousands. Affordable for everyone.,Fitness,0.023437,3231,0,2,3,0,0,2
The grain-free pet food you've been waiting for. Great value. Quality you can trust. The counterintuitive trick that doubled our results.,Pet Care,0.01414,124184,0,0,0,0,3,1
"The downtown condo you've been waiting for. Start your free trial — no credit card, cancel anytime. Great value. #1 rated in its category, backed by 25,000 five-star reviews. Quality you can trust. The secret pros use. Ends soon.",Real Estate,0.007943,44938,1,3,0,3,2,1
The getaway package you've been waiting for. Premium craftsmanship. Start your free trial. The counterintuitive trick that doubled our results. Great value. Don't miss out.,Travel & Hospitality,0.01057,63895,1,0,0,2,3,0
"The wireless headphones you've been waiting for. Shop the collection. Save $75 instantly and get free shipping over $50. What nobody tells you about. Budget-friendly. Start your free trial — no credit card, cancel anytime. For everyone.",Consumer Electronics,0.021491,150273,0,0,3,3,2,2
The game pass you've been waiting for. You'll want to see this. Offer expires today — act now. A smarter choice. Start your free trial. Unbeatable price.,Gaming,0.033727,104655,3,0,0,2,1,3
"The family sedan you've been waiting for. Get started. What nobody tells you about. Quality you can trust. #1 rated in its category, backed by 25,000 five-star reviews. Save 30% today.",Automotive,0.00872,30113,0,3,2,1,2,1
The unlimited data plan you've been waiting for. Today only. Lowest price guaranteed. A customer favorite. Save $75 instantly and get free shipping over $50. Grab yours now. You'll want to see this.,Telecom,0.014546,74193,2,1,3,2,1,3
"The credit card you've been waiting for. Start your free trial. Final hours. #1 rated in its category, backed by 25,000 five-star reviews. The counterintuitive trick that doubled our results. Lowest price guaranteed. Get 40% off.",Finance / Fintech,0.017058,155720,2,3,2,2,3,3
The wireless headphones you've been waiting for. Start your free trial. Offer expires today — act now. Quality you can trust. Save on your order. A new product.,Consumer Electronics,0.020076,143366,3,0,1,2,0,1
"The grain-free pet food you've been waiting for. You'll want to see this. Lowest price guaranteed. Available now. Save $75 instantly and get free shipping over $50. A customer favorite. Start your free trial — no credit card, cancel anytime.",Pet Care,0.02729,19177,0,1,3,3,1,3
The grain-free pet food you've been waiting for. A new product. For everyone. Save $75 instantly and get free shipping over $50. Ends soon. Premium craftsmanship.,Pet Care,0.015038,132117,1,0,3,0,0,0
"The skincare set you've been waiting for. Affordable for everyone. Ends soon. The secret pros use. Real savings inside. Trusted by 10,000+ buyers. Grab yours now.",Beauty & Cosmetics,0.028677,139256,1,2,1,2,2,2
"The streaming plan you've been waiting for. A new product. Start your free trial — no credit card, cancel anytime. A smarter choice. Final hours. Quality you can trust. Rated 4.8/5 by thousands.",Entertainment / Streaming,0.031566,190956,2,2,0,3,0,1
The wireless headphones you've been waiting for. The counterintuitive trick that doubled our results. Highly rated. The luxury standard. 48-hour flash sale. Cut your bill by half.,Consumer Electronics,0.019618,24832,3,1,2,0,3,0
"The daily supplements you've been waiting for. A smarter choice. Quality you can trust. Highly rated. Start your free trial — no credit card, cancel anytime. Only 24 hours left. Here's why it works.",Health & Wellness,0.017569,85066,2,1,0,3,1,1
"The designer watch you've been waiting for. Quality you can trust. #1 rated in its category, backed by 25,000 five-star reviews. Great value. A new product. Start your free trial — no credit card, cancel anytime.",Luxury Goods,0.008257,187029,0,3,0,3,0,1
The skincare set you've been waiting for. For everyone. Shop now. A smarter choice. What nobody tells you about. Quality you can trust.,Beauty & Cosmetics,0.01855,179609,0,0,0,1,2,1
The skincare set you've been waiting for. Lowest price guaranteed. For everyone. Start your free trial. A smarter choice. The counterintuitive trick that doubled our results.,Beauty & Cosmetics,0.023997,195983,0,0,0,2,3,3
The designer watch you've been waiting for. Save $75 instantly and get free shipping over $50. Affordable for everyone. Ends at midnight tonight. What nobody tells you about. For everyone. Grab yours now.,Luxury Goods,0.014159,50753,3,0,3,2,2,2
The wireless headphones you've been waiting for. Ends at midnight tonight. Budget-friendly. Learn more. Get 40% off. A new product. Loved by customers.,Consumer Electronics,0.020451,50940,3,1,2,0,0,2
"The coffee subscription you've been waiting for. Learn more. While supplies last. What nobody tells you about. #1 rated in its category, backed by 25,000 five-star reviews. Budget-friendly. A smarter choice.",Food & Beverage,0.019785,111040,1,3,0,0,2,2
"The daily supplements you've been waiting for. Save $75 instantly and get free shipping over $50. Budget-friendly. A customer favorite. Offer expires today — act now. The counterintuitive trick that doubled our results. Start your free trial — no credit card, cancel anytime.",Health & Wellness,0.026992,122333,3,1,3,3,3,2
The daily supplements you've been waiting for. A new product. Try it today. 48-hour flash sale. Quality you can trust. For everyone. Save $75 instantly and get free shipping over $50.,Health & Wellness,0.017813,86545,3,0,3,1,0,1
The unlimited data plan you've been waiting for. Start your free trial. Quality you can trust. Offer expires today — act now. Highly rated. Save $75 instantly and get free shipping over $50.,Telecom,0.011474,184275,3,1,3,2,0,1
The downtown condo you've been waiting for. You'll want to see this. Shop the collection. Learn more. The luxury standard. Save on your order.,Real Estate,0.004556,107505,0,0,1,0,1,0
"The training program you've been waiting for. Here's why it works. Ends at midnight tonight. Start your free trial — no credit card, cancel anytime. Get 40% off. Lowest price guaranteed. Loved by customers.",Fitness,0.030665,167679,3,1,2,3,1,3
"The credit card you've been waiting for. Save $75 instantly and get free shipping over $50. Join 50,000 happy customers. Shop now. What nobody tells you about. Shop the collection. Quality you can trust.",Finance / Fintech,0.011582,130965,0,2,3,1,2,1
"The streaming plan you've been waiting for. Don't miss out. Budget-friendly. Start your free trial — no credit card, cancel anytime. Great value. #1 rated in its category, backed by 25,000 five-star reviews. Here's why it works.",Entertainment / Streaming,0.030517,199905,1,3,0,3,1,2
The unlimited data plan you've been waiting for. Loved by customers. Available now. Learn more. A new product. The luxury standard. Get 40% off.,Telecom,0.00694,78735,0,1,2,0,0,0
The grain-free pet food you've been waiting for. While supplies last. For everyone. Get started. Quality you can trust. What nobody tells you about. A smarter choice.,Pet Care,0.016952,97436,1,0,0,1,2,1
The credit card you've been waiting for. A smarter choice. Claim your discount. Don't miss out. The secret pros use. The luxury standard. For everyone.,Finance / Fintech,0.008773,58620,1,0,0,2,2,0
"The wireless headphones you've been waiting for. Budget-friendly. Save $75 instantly and get free shipping over $50. Learn more. Here's why it works. #1 rated in its category, backed by 25,000 five-star reviews. Offer expires today — act now.",Consumer Electronics,0.026099,27343,3,3,3,0,1,2
The family sedan you've been waiting for. Lowest price guaranteed. Loved by customers. You'll want to see this. Save $75 instantly and get free shipping over $50. Today only.,Automotive,0.010774,46588,2,1,3,0,1,3
"The game pass you've been waiting for. Here's why it works. Ends soon. Quality you can trust. #1 rated in its category, backed by 25,000 five-star reviews. Save $75 instantly and get free shipping over $50. Start your free trial — no credit card, cancel anytime.",Gaming,0.039887,135959,1,3,3,3,1,1
"The monthly donation you've been waiting for. Start your free trial — no credit card, cancel anytime. Ends at midnight tonight. Save $75 instantly and get free shipping over $50. Affordable for everyone. Loved by customers.",Nonprofit,0.017434,91319,3,1,3,3,0,2
"The insurance plan you've been waiting for. The counterintuitive trick that doubled our results. Save 30% today. Final hours. Quality you can trust. Start your free trial — no credit card, cancel anytime. Rated 4.8/5 by thousands.",Insurance,0.008467,23876,2,2,2,3,3,1
"The downtown condo you've been waiting for. Save on your order. Grab yours now. Budget-friendly. The secret pros use. Only 24 hours left. Trusted by 10,000+ buyers.",Real Estate,0.009205,6372,2,2,1,2,2,2
The designer watch you've been waiting for. The counterintuitive trick that doubled our results. 48-hour flash sale. Budget-friendly. Save on your order.,Luxury Goods,0.009021,35316,3,0,1,0,3,2
The downtown condo you've been waiting for. You'll want to see this. Start your free trial. Get 40% off. Shop the collection. Quality you can trust.,Real Estate,0.006374,169077,0,0,2,2,1,1
"The garden kit you've been waiting for. Quality you can trust. Save $75 instantly and get free shipping over $50. Trusted by 10,000+ buyers. Start your free trial. Offer expires today — act now. You'll want to see this.",Home & Garden,0.019317,189403,3,2,3,2,1,1
The streaming plan you've been waiting for. Shop now. The luxury standard. Cut your bill by half. While supplies last. You'll want to see this. For everyone.,Entertainment / Streaming,0.019581,105614,1,0,2,1,1,0
"The monthly donation you've been waiting for. Don't miss out. Quality you can trust. You'll want to see this. Trusted by 10,000+ buyers. Real savings inside.",Nonprofit,0.011217,125800,1,2,1,0,1,1
"The unlimited data plan you've been waiting for. Highly rated. Start your free trial — no credit card, cancel anytime. Quality you can trust. Real savings inside. Today only. A new product.",Telecom,0.01298,170398,2,1,1,3,0,1
The designer watch you've been waiting for. Highly rated. Save $75 instantly and get free shipping over $50. Budget-friendly. Get started.,Luxury Goods,0.01013,31367,0,1,3,1,0,2
The daily supplements you've been waiting for. Great value. The counterintuitive trick that doubled our results. Loved by customers. Affordable for everyone.,Health & Wellness,0.014939,167686,0,1,0,0,3,2
The credit card you've been waiting for. For everyone. Try it today. Quality you can trust. Get 40% off. While supplies last.,Finance / Fintech,0.009006,70498,1,0,2,1,0,1
"The getaway package you've been waiting for. The counterintuitive trick that doubled our results. Save $75 instantly and get free shipping over $50. Start your free trial. Don't miss out. Quality you can trust. #1 rated in its category, backed by 25,000 five-star reviews.",Travel & Hospitality,0.016367,175519,1,3,3,2,3,1
"The game pass you've been waiting for. Lowest price guaranteed. Ends at midnight tonight. Try it today. #1 rated in its category, backed by 25,000 five-star reviews. Get 40% off.",Gaming,0.041514,23425,3,3,2,1,0,3
The garden kit you've been waiting for. Loved by customers. The counterintuitive trick that doubled our results. Save $75 instantly and get free shipping over $50. Learn more. Ends soon. The luxury standard.,Home & Garden,0.01214,153209,1,1,3,0,3,0
"The sneakers you've been waiting for. Join 50,000 happy customers. Save 30% today. Budget-friendly. The secret pros use. While supplies last. Start your free trial — no credit card, cancel anytime.",E-commerce Fashion,0.031621,186479,1,2,2,3,2,2
The downtown condo you've been waiting for. Great value. Shop the collection. What nobody tells you about. Loved by customers. Unbeatable price.,Real Estate,0.006993,64223,0,1,0,0,2,3
The monthly donation you've been waiting for. Quality you can trust. Only 24 hours left. Shop now. Save on your order. What nobody tells you about.,Nonprofit,0.011111,90447,2,0,1,1,2,1
"The sneakers you've been waiting for. Save $75 instantly and get free shipping over $50. Start your free trial — no credit card, cancel anytime. The luxury standard. You'll want to see this. Highly rated. Shop the collection.",E-commerce Fashion,0.018127,98204,0,1,3,3,1,0
The daily supplements you've been waiting for. Learn more. Great value. A new product. Premium craftsmanship. Offer expires today — act now. For everyone.,Health & Wellness,0.012719,30954,3,0,0,0,0,0
"The daily supplements you've been waiting for. Available now. Quality you can trust. Learn more. You'll want to see this. #1 rated in its category, backed by 25,000 five-star reviews. Save 30% today.",Health & Wellness,0.017722,183366,0,3,2,0,1,1
The credit card you've been waiting for. Cut your bill by half. Shop now. 48-hour flash sale. Premium craftsmanship. Here's why it works.,Finance / Fintech,0.010098,79310,3,0,2,1,1,0
"The sneakers you've been waiting for. #1 rated in its category, backed by 25,000 five-star reviews. Budget-friendly. Save $75 instantly and get free shipping over $50. You'll want to see this.",E-commerce Fashion,0.027623,109902,0,3,3,0,1,2
The skincare set you've been waiting for. Cut your bill by half. Today only. The luxury standard.,Beauty & Cosmetics,0.020296,99683,2,0,2,0,0,0
"The skincare set you've been waiting for. Save on your order. Start your free trial — no credit card, cancel anytime. Here's why it works. Ends soon. Quality you can trust.",Beauty & Cosmetics,0.024615,76119,1,0,1,3,1,1
"The monthly donation you've been waiting for. Cut your bill by half. Here's why it works. Start your free trial — no credit card, cancel anytime. Don't miss out. Budget-friendly. A customer favorite.",Nonprofit,0.01457,32245,1,1,2,3,1,2
"The family sedan you've been waiting for. Trusted by 10,000+ buyers. Try it today. The luxury standard. The secret pros use. Cut your bill by half. Ends soon.",Automotive,0.006976,175972,1,2,2,1,2,0
The unlimited data plan you've been waiting for. Ends soon. A new product. Learn more. Great value. Quality you can trust.,Telecom,0.007171,59360,1,0,0,0,0,1
"The software suite you've been waiting for. Highly rated. Quality you can trust. Start your free trial — no credit card, cancel anytime. Save $75 instantly and get free shipping over $50. The secret pros use.",SaaS / B2B,0.009649,151132,0,1,3,3,2,1
The streaming plan you've been waiting for. The secret pros use. Ends soon. Lowest price guaranteed. A smarter choice. Highly rated.,Entertainment / Streaming,0.027152,31872,1,1,0,0,2,3
The game pass you've been waiting for. Cut your bill by half. Try it today. Today only. Quality you can trust. Rated 4.8/5 by thousands.,Gaming,0.027884,127970,2,2,2,1,0,1
"The getaway package you've been waiting for. #1 rated in its category, backed by 25,000 five-star reviews. The secret pros use. Cut your bill by half. Budget-friendly. Available now.",Travel & Hospitality,0.015622,40956,0,3,2,0,2,2
The unlimited data plan you've been waiting for. Save $75 instantly and get free shipping over $50. For everyone. Ends soon. Lowest price guaranteed. You'll want to see this. Shop now.,Telecom,0.012349,149315,1,0,3,1,1,3
"The grain-free pet food you've been waiting for. Ends soon. You'll want to see this. Shop now. Cut your bill by half. #1 rated in its category, backed by 25,000 five-star reviews. Budget-friendly.",Pet Care,0.028375,141345,1,3,2,1,1,2
"The game pass you've been waiting for. Join 50,000 happy customers. Grab yours now. Here's why it works. Premium craftsmanship. Don't miss out. Great value.",Gaming,0.025694,199552,1,2,0,2,1,0
The sneakers you've been waiting for. For everyone. Don't miss out. The counterintuitive trick that doubled our results. Start your free trial. Affordable for everyone. Save $75 instantly and get free shipping over $50.,E-commerce Fashion,0.024825,20735,1,0,3,2,3,2
The getaway package you've been waiting for. Start your free trial. Lowest price guaranteed. Rated 4.8/5 by thousands. The counterintuitive trick that doubled our results. A smarter choice.,Travel & Hospitality,0.017721,196354,0,2,0,2,3,3
"The daily supplements you've been waiting for. Quality you can trust. Great value. Today only. A customer favorite. The secret pros use. Start your free trial — no credit card, cancel anytime.",Health & Wellness,0.019142,192710,2,1,0,3,2,1
"The garden kit you've been waiting for. Great value. You'll want to see this. Quality you can trust. Don't miss out. Trusted by 10,000+ buyers.",Home & Garden,0.013748,5240,1,2,0,0,1,1
The streaming plan you've been waiting for. A new product. Learn more. Highly rated. Real savings inside. Premium craftsmanship. While supplies last.,Entertainment / Streaming,0.017757,105564,1,1,1,0,0,0
The family sedan you've been waiting for. Save $75 instantly and get free shipping over $50. A new product. Learn more. Available now. Lowest price guaranteed.,Automotive,0.008324,63893,0,0,3,0,0,3
"The downtown condo you've been waiting for. Great value. Ends at midnight tonight. Quality you can trust. The counterintuitive trick that doubled our results. Start your free trial — no credit card, cancel anytime. Loved by customers.",Real Estate,0.009024,25724,3,1,0,3,3,1
The getaway package you've been waiting for. Rated 4.8/5 by thousands. The counterintuitive trick that doubled our results. Get started. Final hours. Unbeatable price. Great value.,Travel & Hospitality,0.017257,4969,2,2,0,1,3,3
The daily supplements you've been waiting for. Rated 4.8/5 by thousands. Save 30% today. Available now. Grab yours now. A new product. The luxury standard.,Health & Wellness,0.01416,43109,0,2,2,2,0,0
The unlimited data plan you've been waiting for. Learn more. Last chance. For everyone. Cut your bill by half. The secret pros use. Affordable for everyone.,Telecom,0.010837,99825,2,0,2,0,2,2
"The coffee subscription you've been waiting for. Great value. Get started. 48-hour flash sale. #1 rated in its category, backed by 25,000 five-star reviews. Affordable for everyone.",Food & Beverage,0.02615,17683,3,3,0,1,0,2
"The monthly donation you've been waiting for. Save $75 instantly and get free shipping over $50. Trusted by 10,000+ buyers. Affordable for everyone. The secret pros use. Available now.",Nonprofit,0.013871,27824,0,2,3,0,2,2
The daily supplements you've been waiting for. Loved by customers. Budget-friendly. Cut your bill by half. Shop now. Final hours. What nobody tells you about.,Health & Wellness,0.020795,18217,2,1,2,1,2,2
"The skincare set you've been waiting for. A smarter choice. Shop the collection. Start your free trial — no credit card, cancel anytime. The secret pros use. Budget-friendly.",Beauty & Cosmetics,0.021334,109134,0,0,0,3,2,2
"The coffee subscription you've been waiting for. Save $75 instantly and get free shipping over $50. The counterintuitive trick that doubled our results. Lowest price guaranteed. Rated 4.8/5 by thousands. Start your free trial — no credit card, cancel anytime. Ends at midnight tonight.",Food & Beverage,0.03829,20078,3,2,3,3,3,3
"The game pass you've been waiting for. A smarter choice. Start your free trial — no credit card, cancel anytime. Loved by customers. Quality you can trust. Ends soon.",Gaming,0.028728,95273,1,1,0,3,0,1
"The coffee subscription you've been waiting for. Offer expires today — act now. Trusted by 10,000+ buyers. Save $75 instantly and get free shipping over $50. Lowest price guaranteed. Start your free trial — no credit card, cancel anytime.",Food & Beverage,0.029275,25648,3,2,3,3,0,3
"The wireless headphones you've been waiting for. Here's why it works. Ends soon. Budget-friendly. Save on your order. Shop now. #1 rated in its category, backed by 25,000 five-star reviews.",Consumer Electronics,0.022004,87944,1,3,1,1,1,2
"The streaming plan you've been waiting for. Start your free trial — no credit card, cancel anytime. A customer favorite. The secret pros use. Save $75 instantly and get free shipping over $50. Unbeatable price. Today only.",Entertainment / Streaming,0.044601,152373,2,1,3,3,2,3
"The coffee subscription you've been waiting for. #1 rated in its category, backed by 25,000 five-star reviews. Premium craftsmanship. Start your free trial. A smarter choice. Final hours. The counterintuitive trick that doubled our results.",Food & Beverage,0.023373,74084,2,3,0,2,3,0
The streaming plan you've been waiting for. Ends at midnight tonight. Grab yours now. The counterintuitive trick that doubled our results. Unbeatable price. Save 30% today. Highly rated.,Entertainment / Streaming,0.038381,164462,3,1,2,2,3,3
The insurance plan you've been waiting for. Grab yours now. The luxury standard. Great value. Offer expires today — act now. A new product.,Insurance,0.005798,199301,3,0,0,2,0,0
"The training program you've been waiting for. Lowest price guaranteed. Cut your bill by half. #1 rated in its category, backed by 25,000 five-star reviews. Start your free trial. While supplies last. What nobody tells you about.",Fitness,0.032078,8209,1,3,2,2,2,3
The getaway package you've been waiting for. Try it today. Highly rated. Budget-friendly. Shop the collection. The counterintuitive trick that doubled our results. Save 30% today.,Travel & Hospitality,0.016068,81748,0,1,2,1,3,2
"The family sedan you've been waiting for. Start your free trial — no credit card, cancel anytime. While supplies last. The counterintuitive trick that doubled our results. A smarter choice. Premium craftsmanship.",Automotive,0.00649,34415,1,0,0,3,3,0
"The streaming plan you've been waiting for. Save $75 instantly and get free shipping over $50. Last chance. A customer favorite. Start your free trial — no credit card, cancel anytime. Unbeatable price. Here's why it works.",Entertainment / Streaming,0.036077,54777,2,1,3,3,1,3
The coffee subscription you've been waiting for. For everyone. Cut your bill by half. 48-hour flash sale. Affordable for everyone. The secret pros use.,Food & Beverage,0.022879,198308,3,0,2,0,2,2
"The online course you've been waiting for. Highly rated. Offer expires today — act now. The counterintuitive trick that doubled our results. Cut your bill by half. Start your free trial — no credit card, cancel anytime. Lowest price guaranteed.",Education / e-Learning,0.019871,179093,3,1,2,3,3,3
"The wireless headphones you've been waiting for. The counterintuitive trick that doubled our results. Unbeatable price. Start your free trial — no credit card, cancel anytime. 48-hour flash sale. For everyone. Save on your order.",Consumer Electronics,0.026085,89561,3,0,1,3,3,3
"The training program you've been waiting for. The secret pros use. Ends at midnight tonight. Start your free trial — no credit card, cancel anytime. #1 rated in its category, backed by 25,000 five-star reviews. Save 30% today. The luxury standard.",Fitness,0.028896,67066,3,3,2,3,2,0
The coffee subscription you've been waiting for. Premium craftsmanship. Available now. Shop now. What nobody tells you about. Great value. Highly rated.,Food & Beverage,0.012746,179132,0,1,0,1,2,0
"The sneakers you've been waiting for. The luxury standard. Ends at midnight tonight. What nobody tells you about. Get 40% off. Join 50,000 happy customers. Shop now.",E-commerce Fashion,0.022991,10578,3,2,2,1,2,0
"The unlimited data plan you've been waiting for. Claim your discount. What nobody tells you about. Offer expires today — act now. Save $75 instantly and get free shipping over $50. #1 rated in its category, backed by 25,000 five-star reviews. The luxury standard.",Telecom,0.016103,114918,3,3,3,2,2,0
The software suite you've been waiting for. Grab yours now. You'll want to see this. Don't miss out. Great value. The luxury standard.,SaaS / B2B,0.007248,33217,1,0,0,2,1,0
The unlimited data plan you've been waiting for. Great value. Here's why it works. A customer favorite. Lowest price guaranteed. Grab yours now. While supplies last.,Telecom,0.011905,28818,1,1,0,2,1,3
"The family sedan you've been waiting for. Shop the collection. Lowest price guaranteed. You'll want to see this. Learn more. Join 50,000 happy customers. Get 40% off.",Automotive,0.009205,122356,0,2,2,0,1,3
"The family sedan you've been waiting for. Get 40% off. Quality you can trust. Offer expires today — act now. The counterintuitive trick that doubled our results. #1 rated in its category, backed by 25,000 five-star reviews.",Automotive,0.010651,148952,3,3,2,0,3,1
The monthly donation you've been waiting for. Don't miss out. Real savings inside. Premium craftsmanship. Get started. A customer favorite. The secret pros use.,Nonprofit,0.009713,59689,1,1,1,1,2,0
"The online course you've been waiting for. For everyone. Lowest price guaranteed. Start your free trial — no credit card, cancel anytime. The counterintuitive trick that doubled our results. Great value.",Education / e-Learning,0.012378,32045,0,0,0,3,3,3
The wireless headphones you've been waiting for. Try it today. Quality you can trust. Today only. You'll want to see this. Save $75 instantly and get free shipping over $50.,Consumer Electronics,0.01788,142782,2,0,3,1,1,1
"The skincare set you've been waiting for. The counterintuitive trick that doubled our results. Learn more. Budget-friendly. Last chance. Real savings inside. #1 rated in its category, backed by 25,000 five-star reviews.",Beauty & Cosmetics,0.033318,160553,2,3,1,0,3,2
"The sneakers you've been waiting for. Save $75 instantly and get free shipping over $50. Start your free trial — no credit card, cancel anytime. You'll want to see this. Today only. Quality you can trust.",E-commerce Fashion,0.023709,22133,2,0,3,3,1,1
"The unlimited data plan you've been waiting for. Available now. Save 30% today. Quality you can trust. #1 rated in its category, backed by 25,000 five-star reviews. Claim your discount. The counterintuitive trick that doubled our results.",Telecom,0.012022,113108,0,3,2,2,3,1
"The streaming plan you've been waiting for. The luxury standard. Real savings inside. You'll want to see this. Start your free trial — no credit card, cancel anytime. Available now.",Entertainment / Streaming,0.020106,180178,0,0,1,3,1,0
The family sedan you've been waiting for. Save on your order. Quality you can trust. Today only. A customer favorite. The counterintuitive trick that doubled our results.,Automotive,0.007665,51321,2,1,1,0,3,1
"The coffee subscription you've been waiting for. A customer favorite. Today only. Start your free trial — no credit card, cancel anytime. Quality you can trust. Save on your order. What nobody tells you about.",Food & Beverage,0.021601,144925,2,1,1,3,2,1
"The downtown condo you've been waiting for. A new product. 48-hour flash sale. Save $75 instantly and get free shipping over $50. Lowest price guaranteed. Try it today. #1 rated in its category, backed by 25,000 five-star reviews.",Real Estate,0.010551,83278,3,3,3,1,0,3
"The sneakers you've been waiting for. Highly rated. Budget-friendly. Save $75 instantly and get free shipping over $50. Start your free trial — no credit card, cancel anytime. The secret pros use. Offer expires today — act now.",E-commerce Fashion,0.037712,12230,3,1,3,3,2,2
The credit card you've been waiting for. Real savings inside. Start your free trial. Premium craftsmanship. For everyone. Here's why it works.,Finance / Fintech,0.007599,65794,0,0,1,2,1,0
The wireless headphones you've been waiting for. Loved by customers. Lowest price guaranteed. Here's why it works. A smarter choice. Shop the collection. Grab yours now.,Consumer Electronics,0.017911,77977,0,1,0,2,1,3
The training program you've been waiting for. 48-hour flash sale. Get 40% off. Affordable for everyone. A customer favorite. Get started.,Fitness,0.026096,151266,3,1,2,1,0,2
"The credit card you've been waiting for. #1 rated in its category, backed by 25,000 five-star reviews. Grab yours now. Great value. Quality you can trust. A new product.",Finance / Fintech,0.010588,189390,0,3,0,2,0,1
"The unlimited data plan you've been waiting for. Quality you can trust. Cut your bill by half. Get started. The counterintuitive trick that doubled our results. Offer expires today — act now. #1 rated in its category, backed by 25,000 five-star reviews.",Telecom,0.014502,150134,3,3,2,1,3,1
The downtown condo you've been waiting for. Final hours. A new product. Affordable for everyone. A customer favorite. A smarter choice. Learn more.,Real Estate,0.006036,5648,2,1,0,0,0,2
The training program you've been waiting for. Save on your order. Learn more. Rated 4.8/5 by thousands. The luxury standard. Shop the collection. The counterintuitive trick that doubled our results.,Fitness,0.017561,183068,0,2,1,0,3,0
The family sedan you've been waiting for. Lowest price guaranteed. A smarter choice. For everyone. While supplies last.,Automotive,0.007668,140708,1,0,0,0,0,3
"The garden kit you've been waiting for. #1 rated in its category, backed by 25,000 five-star reviews. Start your free trial — no credit card, cancel anytime. Here's why it works. A smarter choice. While supplies last. Quality you can trust.",Home & Garden,0.015013,161657,1,3,0,3,1,1
"The training program you've been waiting for. Save $75 instantly and get free shipping over $50. For everyone. The luxury standard. Today only. Start your free trial — no credit card, cancel anytime. A new product.",Fitness,0.020246,96824,2,0,3,3,0,0
The family sedan you've been waiting for. Learn more. Save 30% today. Unbeatable price. A new product.,Automotive,0.007725,95612,0,0,2,0,0,3
The grain-free pet food you've been waiting for. Save $75 instantly and get free shipping over $50. Premium craftsmanship. Only 24 hours left. The secret pros use.,Pet Care,0.018942,56405,2,0,3,0,2,0
"The training program you've been waiting for. You'll want to see this. Loved by customers. Only 24 hours left. Lowest price guaranteed. Start your free trial — no credit card, cancel anytime. Cut your bill by half.",Fitness,0.029189,85383,2,1,2,3,1,3
"The monthly donation you've been waiting for. Great value. Affordable for everyone. While supplies last. The counterintuitive trick that doubled our results. Start your free trial — no credit card, cancel anytime. Join 50,000 happy customers.",Nonprofit,0.014255,75324,1,2,0,3,3,2
"The online course you've been waiting for. Lowest price guaranteed. Save $75 instantly and get free shipping over $50. Here's why it works. #1 rated in its category, backed by 25,000 five-star reviews. Don't miss out. Start your free trial — no credit card, cancel anytime.",Education / e-Learning,0.021947,769,1,3,3,3,1,3
"The garden kit you've been waiting for. The counterintuitive trick that doubled our results. Final hours. Shop now. Trusted by 10,000+ buyers. Save $75 instantly and get free shipping over $50. Unbeatable price.",Home & Garden,0.024265,137875,2,2,3,1,3,3
"The sneakers you've been waiting for. Cut your bill by half. Trusted by 10,000+ buyers. Quality you can trust. Shop the collection. The counterintuitive trick that doubled our results. Try it today.",E-commerce Fashion,0.022702,610,0,2,2,1,3,1
"The designer watch you've been waiting for. The luxury standard. Only 24 hours left. Trusted by 10,000+ buyers. Get 40% off.",Luxury Goods,0.009144,108998,2,2,2,0,0,0
The getaway package you've been waiting for. Save on your order. You'll want to see this. Don't miss out. Quality you can trust.,Travel & Hospitality,0.009728,133234,1,0,1,0,1,1
The getaway package you've been waiting for. Loved by customers. Cut your bill by half. Affordable for everyone. Shop now. What nobody tells you about. Offer expires today — act now.,Travel & Hospitality,0.017963,168809,3,1,2,1,2,2
The monthly donation you've been waiting for. Shop now. Lowest price guaranteed. Ends at midnight tonight. Cut your bill by half. Here's why it works. Highly rated.,Nonprofit,0.017387,71553,3,1,2,1,1,3
"The online course you've been waiting for. Premium craftsmanship. The counterintuitive trick that doubled our results. Save $75 instantly and get free shipping over $50. #1 rated in its category, backed by 25,000 five-star reviews. Claim your discount.",Education / e-Learning,0.016011,101684,0,3,3,2,3,0
"The training program you've been waiting for. Save $75 instantly and get free shipping over $50. Don't miss out. Start your free trial. The secret pros use. Quality you can trust. #1 rated in its category, backed by 25,000 five-star reviews.",Fitness,0.027586,19494,1,3,3,2,2,1
The sneakers you've been waiting for. You'll want to see this. Save $75 instantly and get free shipping over $50. Premium craftsmanship. Don't miss out.,E-commerce Fashion,0.016713,104931,1,0,3,0,1,0
"The grain-free pet food you've been waiting for. Save $75 instantly and get free shipping over $50. Premium craftsmanship. Trusted by 10,000+ buyers. Offer expires today — act now. Shop now. The counterintuitive trick that doubled our results.",Pet Care,0.026209,131573,3,2,3,1,3,0
The coffee subscription you've been waiting for. For everyone. Premium craftsmanship. Get started. Save $75 instantly and get free shipping over $50. You'll want to see this. Shop the collection.,Food & Beverage,0.013165,6580,0,0,3,1,1,0
"The training program you've been waiting for. Quality you can trust. Real savings inside. Start your free trial — no credit card, cancel anytime. While supplies last. A new product. Trusted by 10,000+ buyers.",Fitness,0.019872,82822,1,2,1,3,0,1
"The family sedan you've been waiting for. Save $75 instantly and get free shipping over $50. Start your free trial — no credit card, cancel anytime. Here's why it works. While supplies last. Quality you can trust. Join 50,000 happy customers.",Automotive,0.011261,4125,1,2,3,3,1,1
"The credit card you've been waiting for. Trusted by 10,000+ buyers. While supplies last. The luxury standard. Here's why it works. Get started. Save 30% today.",Finance / Fintech,0.010344,199243,1,2,2,1,1,0
The designer watch you've been waiting for. Quality you can trust. Rated 4.8/5 by thousands. Save $75 instantly and get free shipping over $50.,Luxury Goods,0.009008,96358,0,2,3,0,0,1
"The monthly donation you've been waiting for. #1 rated in its category, backed by 25,000 five-star reviews. Quality you can trust. Real savings inside. You'll want to see this. Start your free trial — no credit card, cancel anytime. Available now.",Nonprofit,0.014323,136065,0,3,1,3,1,1
The unlimited data plan you've been waiting for. Rated 4.8/5 by thousands. Premium craftsmanship. Save 30% today. Shop now. A new product. Ends at midnight tonight.,Telecom,0.01133,197146,3,2,2,1,0,0
The downtown condo you've been waiting for. Save $75 instantly and get free shipping over $50. Affordable for everyone. Today only. The counterintuitive trick that doubled our results. Start your free trial. For everyone.,Real Estate,0.009111,33463,2,0,3,2,3,2
"The skincare set you've been waiting for. You'll want to see this. Only 24 hours left. Start your free trial — no credit card, cancel anytime. Quality you can trust. A smarter choice. Join 50,000 happy customers.",Beauty & Cosmetics,0.029559,157595,2,2,0,3,1,1
"The wireless headphones you've been waiting for. Join 50,000 happy customers. Save on your order. You'll want to see this. Premium craftsmanship. Get started. Don't miss out.",Consumer Electronics,0.018016,149631,1,2,1,1,1,0
The online course you've been waiting for. Only 24 hours left. The counterintuitive trick that doubled our results. A customer favorite. Quality you can trust. Save $75 instantly and get free shipping over $50.,Education / e-Learning,0.01507,122982,2,1,3,0,3,1
"The training program you've been waiting for. Today only. Save 30% today. #1 rated in its category, backed by 25,000 five-star reviews. Budget-friendly. Try it today. Here's why it works.",Fitness,0.027158,91521,2,3,2,1,1,2
The daily supplements you've been waiting for. Premium craftsmanship. Claim your discount. Real savings inside.,Health & Wellness,0.011091,94176,0,0,1,2,0,0
"The game pass you've been waiting for. Start your free trial — no credit card, cancel anytime. Save 30% today. The luxury standard. Available now. #1 rated in its category, backed by 25,000 five-star reviews.",Gaming,0.027017,169234,0,3,2,3,0,0
"The garden kit you've been waiting for. Cut your bill by half. You'll want to see this. While supplies last. Start your free trial — no credit card, cancel anytime. A customer favorite. Lowest price guaranteed.",Home & Garden,0.01968,79860,1,1,2,3,1,3
"The skincare set you've been waiting for. #1 rated in its category, backed by 25,000 five-star reviews. Final hours. What nobody tells you about. Premium craftsmanship. A smarter choice. Shop now.",Beauty & Cosmetics,0.022877,115967,2,3,0,1,2,0
The grain-free pet food you've been waiting for. The luxury standard. Great value. Don't miss out. Learn more. A customer favorite. You'll want to see this.,Pet Care,0.013627,16124,1,1,0,0,1,0
"The getaway package you've been waiting for. Save $75 instantly and get free shipping over $50. Lowest price guaranteed. Trusted by 10,000+ buyers. The counterintuitive trick that doubled our results. Ends soon. Claim your discount.",Travel & Hospitality,0.01965,193567,1,2,3,2,3,3
The insurance plan you've been waiting for. What nobody tells you about. Get 40% off. Ends soon. Highly rated. Try it today. Budget-friendly.,Insurance,0.007333,194938,1,1,2,1,2,2
The credit card you've been waiting for. Only 24 hours left. The counterintuitive trick that doubled our results. Budget-friendly. Claim your discount. A smarter choice. Highly rated.,Finance / Fintech,0.013073,105105,2,1,0,2,3,2
"The credit card you've been waiting for. Ends soon. #1 rated in its category, backed by 25,000 five-star reviews. Cut your bill by half. Quality you can trust. Learn more.",Finance / Fintech,0.01452,158011,1,3,2,0,0,1
"The monthly donation you've been waiting for. Start your free trial — no credit card, cancel anytime. #1 rated in its category, backed by 25,000 five-star reviews. Get 40% off. You'll want to see this. Lowest price guaranteed. Shop the collection.",Nonprofit,0.016089,85331,0,3,2,3,1,3
The online course you've been waiting for. Last chance. Rated 4.8/5 by thousands. The secret pros use. Shop now. Great value. Lowest price guaranteed.,Education / e-Learning,0.016294,34834,2,2,0,1,2,3
The grain-free pet food you've been waiting for. For everyone. Cut your bill by half. Grab yours now. Here's why it works. The luxury standard.,Pet Care,0.017281,14931,0,0,2,2,1,0
"The daily supplements you've been waiting for. Real savings inside. Ends soon. #1 rated in its category, backed by 25,000 five-star reviews. Start your free trial — no credit card, cancel anytime. Premium craftsmanship.",Health & Wellness,0.017152,108795,1,3,1,3,0,0
"The garden kit you've been waiting for. The luxury standard. The counterintuitive trick that doubled our results. Start your free trial — no credit card, cancel anytime. Don't miss out. Real savings inside.",Home & Garden,0.012337,10650,1,0,1,3,3,0
"The insurance plan you've been waiting for. Affordable for everyone. Ends at midnight tonight. A smarter choice. What nobody tells you about. #1 rated in its category, backed by 25,000 five-star reviews.",Insurance,0.007061,158579,3,3,0,0,2,2
The coffee subscription you've been waiting for. Great value. Claim your discount. Highly rated. A new product. Lowest price guaranteed. Offer expires today — act now.,Food & Beverage,0.026296,64268,3,1,0,2,0,3
"The downtown condo you've been waiting for. A new product. Last chance. Quality you can trust. Trusted by 10,000+ buyers. Save on your order.",Real Estate,0.006513,56688,2,2,1,0,0,1
"The training program you've been waiting for. Real savings inside. #1 rated in its category, backed by 25,000 five-star reviews. A new product. Ends at midnight tonight. Learn more. Premium craftsmanship.",Fitness,0.023052,48589,3,3,1,0,0,0
The getaway package you've been waiting for. Get started. What nobody tells you about. Great value. Quality you can trust. Loved by customers. Offer expires today — act now.,Travel & Hospitality,0.013017,101882,3,1,0,1,2,1
"The wireless headphones you've been waiting for. #1 rated in its category, backed by 25,000 five-star reviews. Start your free trial — no credit card, cancel anytime. The secret pros use. Premium craftsmanship. Real savings inside. Don't miss out.",Consumer Electronics,0.018127,161574,1,3,1,3,2,0
"The training program you've been waiting for. Ends at midnight tonight. #1 rated in its category, backed by 25,000 five-star reviews. Start your free trial — no credit card, cancel anytime. Here's why it works. Quality you can trust. Save $75 instantly and get free shipping over $50.",Fitness,0.039348,75515,3,3,3,3,1,1
"The insurance plan you've been waiting for. You'll want to see this. Premium craftsmanship. #1 rated in its category, backed by 25,000 five-star reviews. Save $75 instantly and get free shipping over $50.",Insurance,0.006045,19480,0,3,3,0,1,0
"The online course you've been waiting for. Shop now. Last chance. Trusted by 10,000+ buyers. Save on your order. Unbeatable price.",Education / e-Learning,0.017438,72278,2,2,1,1,0,3
"The credit card you've been waiting for. Try it today. Offer expires today — act now. Join 50,000 happy customers. The counterintuitive trick that doubled our results. Save $75 instantly and get free shipping over $50. Quality you can trust.",Finance / Fintech,0.016329,162280,3,2,3,1,3,1
The wireless headphones you've been waiting for. For everyone. The counterintuitive trick that doubled our results. Cut your bill by half. Budget-friendly. Get started.,Consumer Electronics,0.015612,119579,0,0,2,1,3,2
The family sedan you've been waiting for. Real savings inside. Shop the collection. The luxury standard. Rated 4.8/5 by thousands. A new product.,Automotive,0.005759,90017,0,2,1,0,0,0
"The coffee subscription you've been waiting for. Quality you can trust. What nobody tells you about. Save on your order. Join 50,000 happy customers. While supplies last. Learn more.",Food & Beverage,0.017176,18023,1,2,1,0,2,1
"The credit card you've been waiting for. While supplies last. Save on your order. Budget-friendly. You'll want to see this. Start your free trial — no credit card, cancel anytime. Highly rated.",Finance / Fintech,0.012993,11267,1,1,1,3,1,2
"The software suite you've been waiting for. Save 30% today. Don't miss out. Start your free trial — no credit card, cancel anytime. Premium craftsmanship. The counterintuitive trick that doubled our results. For everyone.",SaaS / B2B,0.009155,105478,1,0,2,3,3,0
The coffee subscription you've been waiting for. While supplies last. Save $75 instantly and get free shipping over $50. Loved by customers. The counterintuitive trick that doubled our results. Quality you can trust. Shop now.,Food & Beverage,0.020387,54838,1,1,3,1,3,1
"The downtown condo you've been waiting for. You'll want to see this. Join 50,000 happy customers. Quality you can trust. Get 40% off. Last chance.",Real Estate,0.007624,146117,2,2,2,0,1,1
The grain-free pet food you've been waiting for. Get started. Budget-friendly. Save $75 instantly and get free shipping over $50. Here's why it works.,Pet Care,0.021038,135392,0,0,3,1,1,2
The downtown condo you've been waiting for. Learn more. Save on your order. Highly rated. Lowest price guaranteed. Shop the collection.,Real Estate,0.006017,53049,0,1,1,0,0,3
The grain-free pet food you've been waiting for. Ends at midnight tonight. Cut your bill by half. Start your free trial. For everyone. Premium craftsmanship.,Pet Care,0.02254,11175,3,0,2,2,0,0
The software suite you've been waiting for. Only 24 hours left. The counterintuitive trick that doubled our results. Great value. Unbeatable price. Rated 4.8/5 by thousands. Claim your discount.,SaaS / B2B,0.012353,7179,2,2,0,2,3,3
"The grain-free pet food you've been waiting for. The counterintuitive trick that doubled our results. #1 rated in its category, backed by 25,000 five-star reviews. Real savings inside. Get started. Affordable for everyone. 48-hour flash sale.",Pet Care,0.033941,194316,3,3,1,1,3,2
"The grain-free pet food you've been waiting for. Save on your order. #1 rated in its category, backed by 25,000 five-star reviews. While supplies last. A new product. Premium craftsmanship. Start your free trial — no credit card, cancel anytime.",Pet Care,0.021239,53365,1,3,1,3,0,0
"The family sedan you've been waiting for. Great value. Learn more. #1 rated in its category, backed by 25,000 five-star reviews. Budget-friendly. Don't miss out.",Automotive,0.008178,2162,1,3,0,0,0,2
The family sedan you've been waiting for. Available now. Real savings inside. Start your free trial. Premium craftsmanship. The counterintuitive trick that doubled our results.,Automotive,0.006488,11355,0,0,1,2,3,0
"The daily supplements you've been waiting for. Start your free trial — no credit card, cancel anytime. A customer favorite. Premium craftsmanship. Great value. Last chance. A new product.",Health & Wellness,0.015848,36905,2,1,0,3,0,0
"The game pass you've been waiting for. Grab yours now. Today only. Get 40% off. #1 rated in its category, backed by 25,000 five-star reviews. Unbeatable price. The secret pros use.",Gaming,0.043752,7516,2,3,2,2,2,3
"The garden kit you've been waiting for. Claim your discount. Save 30% today. #1 rated in its category, backed by 25,000 five-star reviews. The counterintuitive trick that doubled our results. Unbeatable price. Available now.",Home & Garden,0.020704,52218,0,3,2,2,3,3
"The training program you've been waiting for. Great value. Budget-friendly. What nobody tells you about. Shop the collection. Start your free trial — no credit card, cancel anytime. A customer favorite.",Fitness,0.021315,65210,0,1,0,3,2,2
"The family sedan you've been waiting for. Start your free trial. Lowest price guaranteed. #1 rated in its category, backed by 25,000 five-star reviews. What nobody tells you about. Cut your bill by half.",Automotive,0.0099,119734,0,3,2,2,2,3
"The garden kit you've been waiting for. Offer expires today — act now. What nobody tells you about. #1 rated in its category, backed by 25,000 five-star reviews. Start your free trial — no credit card, cancel anytime. Affordable for everyone. Save $75 instantly and get free shipping over $50.",Home & Garden,0.027986,146698,3,3,3,3,2,2
"The software suite you've been waiting for. Premium craftsmanship. What nobody tells you about. Real savings inside. Learn more. Shop the collection. Join 50,000 happy customers.",SaaS / B2B,0.006934,60651,0,2,1,0,2,0
"The coffee subscription you've been waiting for. Last chance. Affordable for everyone. Save $75 instantly and get free shipping over $50. Try it today. Here's why it works. #1 rated in its category, backed by 25,000 five-star reviews.",Food & Beverage,0.031383,67978,2,3,3,1,1,2
The skincare set you've been waiting for. Don't miss out. The luxury standard. Grab yours now. Save on your order.,Beauty & Cosmetics,0.020743,117613,1,0,1,2,0,0
"The credit card you've been waiting for. Save on your order. The luxury standard. A new product. Start your free trial — no credit card, cancel anytime.",Finance / Fintech,0.007757,85218,0,0,1,3,0,0
The insurance plan you've been waiting for. Highly rated. A smarter choice. The counterintuitive trick that doubled our results. Lowest price guaranteed. While supplies last. Claim your discount.,Insurance,0.006923,185099,1,1,0,2,3,3
The unlimited data plan you've been waiting for. Today only. Get 40% off. Rated 4.8/5 by thousands. Quality you can trust. The counterintuitive trick that doubled our results. Shop now.,Telecom,0.01204,8912,2,2,2,1,3,1
"The family sedan you've been waiting for. The luxury standard. #1 rated in its category, backed by 25,000 five-star reviews. Shop the collection. Start your free trial — no credit card, cancel anytime. A smarter choice.",Automotive,0.006751,59741,0,3,0,3,0,0
The insurance plan you've been waiting for. Quality you can trust. Here's why it works. Shop now. Loved by customers. Save on your order. Available now.,Insurance,0.005102,194466,0,1,1,1,1,1
The designer watch you've been waiting for. Rated 4.8/5 by thousands. Available now. Lowest price guaranteed. Save $75 instantly and get free shipping over $50. Shop now. You'll want to see this.,Luxury Goods,0.01114,120320,0,2,3,1,1,3
The unlimited data plan you've been waiting for. Start your free trial. Affordable for everyone. Great value. The counterintuitive trick that doubled our results. For everyone. Ends soon.,Telecom,0.010411,179311,1,0,0,2,3,2
The coffee subscription you've been waiting for. A smarter choice. Rated 4.8/5 by thousands. The counterintuitive trick that doubled our results. Quality you can trust. Get started.,Food & Beverage,0.017477,25164,0,2,0,1,3,1
The family sedan you've been waiting for. Final hours. Highly rated. Save $75 instantly and get free shipping over $50. Unbeatable price. The secret pros use. Get started.,Automotive,0.010037,117619,2,1,3,1,2,3
"The training program you've been waiting for. Budget-friendly. Rated 4.8/5 by thousands. 48-hour flash sale. Get 40% off. Start your free trial — no credit card, cancel anytime.",Fitness,0.03199,32720,3,2,2,3,0,2
"The insurance plan you've been waiting for. Save on your order. Trusted by 10,000+ buyers. Budget-friendly. 48-hour flash sale. Shop now. The secret pros use.",Insurance,0.008557,27366,3,2,1,1,2,2
The grain-free pet food you've been waiting for. Offer expires today — act now. Shop now. Save on your order. Highly rated. Affordable for everyone. The counterintuitive trick that doubled our results.,Pet Care,0.024274,131876,3,1,1,1,3,2
"The unlimited data plan you've been waiting for. Save on your order. You'll want to see this. Quality you can trust. Start your free trial — no credit card, cancel anytime. Don't miss out. #1 rated in its category, backed by 25,000 five-star reviews.",Telecom,0.01191,124734,1,3,1,3,1,1
"The designer watch you've been waiting for. Real savings inside. The counterintuitive trick that doubled our results. Join 50,000 happy customers. Quality you can trust. While supplies last. Start your free trial — no credit card, cancel anytime.",Luxury Goods,0.011497,120494,1,2,1,3,3,1
The software suite you've been waiting for. Highly rated. Shop now. Only 24 hours left. Great value. Affordable for everyone.,SaaS / B2B,0.00804,84505,2,1,0,1,0,2
"The designer watch you've been waiting for. A smarter choice. Only 24 hours left. What nobody tells you about. #1 rated in its category, backed by 25,000 five-star reviews. Unbeatable price. Start your free trial — no credit card, cancel anytime.",Luxury Goods,0.012337,192763,2,3,0,3,2,3
The training program you've been waiting for. Save 30% today. Last chance. Quality you can trust. Grab yours now. A new product.,Fitness,0.023796,177734,2,0,2,2,0,1
The sneakers you've been waiting for. Premium craftsmanship. Shop now. Only 24 hours left. Real savings inside. A customer favorite.,E-commerce Fashion,0.018187,40881,2,1,1,1,0,0
The streaming plan you've been waiting for. The secret pros use. Final hours. Learn more. Highly rated. Get 40% off. Quality you can trust.,Entertainment / Streaming,0.027799,92614,2,1,2,0,2,1
"The getaway package you've been waiting for. Trusted by 10,000+ buyers. A new product. Save $75 instantly and get free shipping over $50. Don't miss out. Shop now. Affordable for everyone.",Travel & Hospitality,0.01807,25633,1,2,3,1,0,2
The monthly donation you've been waiting for. Great value. What nobody tells you about. Shop the collection. Affordable for everyone. Grab yours now.,Nonprofit,0.010418,13125,0,0,0,2,2,2
The game pass you've been waiting for. Save 30% today. You'll want to see this. Rated 4.8/5 by thousands. 48-hour flash sale. Budget-friendly. Grab yours now.,Gaming,0.040971,66822,3,2,2,2,1,2
"The daily supplements you've been waiting for. Join 50,000 happy customers. While supplies last. Here's why it works. Cut your bill by half. Affordable for everyone.",Health & Wellness,0.019494,47522,1,2,2,0,1,2
"The training program you've been waiting for. Lowest price guaranteed. While supplies last. Start your free trial — no credit card, cancel anytime. What nobody tells you about. Save on your order.",Fitness,0.023967,100249,1,0,1,3,2,3
The skincare set you've been waiting for. Shop now. The counterintuitive trick that doubled our results. 48-hour flash sale. Real savings inside. The luxury standard. Highly rated.,Beauty & Cosmetics,0.027695,117163,3,1,1,1,3,0
"The sneakers you've been waiting for. Get 40% off. Join 50,000 happy customers. A new product. Lowest price guaranteed. Start your free trial — no credit card, cancel anytime. Only 24 hours left.",E-commerce Fashion,0.030717,29047,2,2,2,3,0,3
"The garden kit you've been waiting for. Start your free trial — no credit card, cancel anytime. #1 rated in its category, backed by 25,000 five-star reviews. Budget-friendly. A new product. A smarter choice. While supplies last.",Home & Garden,0.017081,101365,1,3,0,3,0,2
The credit card you've been waiting for. Great value. Here's why it works. Don't miss out. Unbeatable price. Shop now.,Finance / Fintech,0.010823,147887,1,0,0,1,1,3
The credit card you've been waiting for. Learn more. You'll want to see this. Premium craftsmanship. Highly rated. Save on your order. Final hours.,Finance / Fintech,0.009184,184533,2,1,1,0,1,0
"The unlimited data plan you've been waiting for. The counterintuitive trick that doubled our results. Learn more. #1 rated in its category, backed by 25,000 five-star reviews. Budget-friendly. A smarter choice. 48-hour flash sale.",Telecom,0.013172,43504,3,3,0,0,3,2
The garden kit you've been waiting for. Save $75 instantly and get free shipping over $50. For everyone. Get started. Unbeatable price. Only 24 hours left.,Home & Garden,0.017749,6512,2,0,3,1,0,3
"The online course you've been waiting for. Trusted by 10,000+ buyers. Save 30% today. Only 24 hours left. Quality you can trust. Try it today. Here's why it works.",Education / e-Learning,0.014452,44715,2,2,2,1,1,1
The training program you've been waiting for. Here's why it works. Save on your order. Learn more. The luxury standard. Highly rated.,Fitness,0.012278,190811,0,1,1,0,1,0
The monthly donation you've been waiting for. Rated 4.8/5 by thousands. Grab yours now. Save $75 instantly and get free shipping over $50. The counterintuitive trick that doubled our results. Lowest price guaranteed. Shop the collection.,Nonprofit,0.014837,154532,0,2,3,2,3,3
"The credit card you've been waiting for. Start your free trial — no credit card, cancel anytime. Save on your order. A customer favorite. What nobody tells you about. Affordable for everyone.",Finance / Fintech,0.011169,95897,0,1,1,3,2,2
The monthly donation you've been waiting for. Quality you can trust. Don't miss out. You'll want to see this. For everyone. Save $75 instantly and get free shipping over $50.,Nonprofit,0.009855,112760,1,0,3,0,1,1
The monthly donation you've been waiting for. Affordable for everyone. For everyone. Offer expires today — act now. Save $75 instantly and get free shipping over $50. Try it today. You'll want to see this.,Nonprofit,0.013899,81349,3,0,3,1,1,2
"The daily supplements you've been waiting for. Start your free trial — no credit card, cancel anytime. Save 30% today. Don't miss out. Rated 4.8/5 by thousands. Quality you can trust.",Health & Wellness,0.018215,150433,1,2,2,3,0,1
"The skincare set you've been waiting for. Affordable for everyone. Cut your bill by half. Get started. #1 rated in its category, backed by 25,000 five-star reviews.",Beauty & Cosmetics,0.027313,127878,0,3,2,1,0,2
The skincare set you've been waiting for. Highly rated. The luxury standard. Cut your bill by half. Shop now. The secret pros use.,Beauty & Cosmetics,0.022122,29870,0,1,2,1,2,0
"The streaming plan you've been waiting for. Get 40% off. Here's why it works. #1 rated in its category, backed by 25,000 five-star reviews. Last chance. Affordable for everyone.",Entertainment / Streaming,0.031523,182060,2,3,2,0,1,2
"The wireless headphones you've been waiting for. A smarter choice. Unbeatable price. #1 rated in its category, backed by 25,000 five-star reviews. While supplies last. You'll want to see this.",Consumer Electronics,0.020866,120558,1,3,0,0,1,3
The grain-free pet food you've been waiting for. Get started. Ends at midnight tonight. A customer favorite. What nobody tells you about. Lowest price guaranteed. A smarter choice.,Pet Care,0.027149,187241,3,1,0,1,2,3
"The wireless headphones you've been waiting for. Affordable for everyone. Join 50,000 happy customers. Get started. Save $75 instantly and get free shipping over $50. While supplies last.",Consumer Electronics,0.021597,45249,1,2,3,1,0,2
"The game pass you've been waiting for. Offer expires today — act now. Start your free trial. Real savings inside. Trusted by 10,000+ buyers. Quality you can trust. You'll want to see this.",Gaming,0.036239,108924,3,2,1,2,1,1
"The monthly donation you've been waiting for. Try it today. What nobody tells you about. While supplies last. Save $75 instantly and get free shipping over $50. The luxury standard. Join 50,000 happy customers.",Nonprofit,0.013678,89850,1,2,3,1,2,0
"The downtown condo you've been waiting for. Final hours. The luxury standard. You'll want to see this. #1 rated in its category, backed by 25,000 five-star reviews. Save on your order. Shop now.",Real Estate,0.007133,88175,2,3,1,1,1,0
The monthly donation you've been waiting for. Budget-friendly. The counterintuitive trick that doubled our results. Great value. Only 24 hours left. Try it today.,Nonprofit,0.013298,182179,2,0,0,1,3,2
"The downtown condo you've been waiting for. Shop the collection. Start your free trial — no credit card, cancel anytime. Budget-friendly. The counterintuitive trick that doubled our results. #1 rated in its category, backed by 25,000 five-star reviews. Save $75 instantly and get free shipping over $50.",Real Estate,0.010476,58880,0,3,3,3,3,2
The training program you've been waiting for. The luxury standard. Save $75 instantly and get free shipping over $50. While supplies last.,Fitness,0.013821,137558,1,0,3,0,0,0
"The credit card you've been waiting for. Offer expires today — act now. Trusted by 10,000+ buyers. Save $75 instantly and get free shipping over $50. Learn more. The secret pros use. Lowest price guaranteed.",Finance / Fintech,0.016431,72224,3,2,3,0,2,3
"The monthly donation you've been waiting for. A new product. Start your free trial — no credit card, cancel anytime. Save $75 instantly and get free shipping over $50. The luxury standard. For everyone.",Nonprofit,0.00993,123117,0,0,3,3,0,0
"The unlimited data plan you've been waiting for. Start your free trial — no credit card, cancel anytime. Only 24 hours left. Here's why it works. A smarter choice. Unbeatable price.",Telecom,0.012726,154805,2,0,0,3,1,3
"The skincare set you've been waiting for. Start your free trial — no credit card, cancel anytime. A new product. Quality you can trust. Shop the collection. Save on your order.",Beauty & Cosmetics,0.020882,78589,0,0,1,3,0,1
"The designer watch you've been waiting for. Start your free trial — no credit card, cancel anytime. Save $75 instantly and get free shipping over $50. Rated 4.8/5 by thousands. 48-hour flash sale. The luxury standard.",Luxury Goods,0.013465,154445,3,2,3,3,0,0
"The designer watch you've been waiting for. Rated 4.8/5 by thousands. The counterintuitive trick that doubled our results. Cut your bill by half. While supplies last. Start your free trial — no credit card, cancel anytime. Budget-friendly.",Luxury Goods,0.011706,65971,1,2,2,3,3,2
"The monthly donation you've been waiting for. Join 50,000 happy customers. Final hours. Save on your order. The secret pros use. Quality you can trust.",Nonprofit,0.011071,92173,2,2,1,0,2,1
"The skincare set you've been waiting for. Ends soon. Claim your discount. Quality you can trust. #1 rated in its category, backed by 25,000 five-star reviews. Great value. You'll want to see this.",Beauty & Cosmetics,0.025647,29646,1,3,0,2,1,1
"The skincare set you've been waiting for. Offer expires today — act now. A new product. The luxury standard. Get 40% off. Highly rated. Start your free trial — no credit card, cancel anytime.",Beauty & Cosmetics,0.029481,162304,3,1,2,3,0,0
"The insurance plan you've been waiting for. Real savings inside. Here's why it works. Start your free trial — no credit card, cancel anytime. #1 rated in its category, backed by 25,000 five-star reviews. Only 24 hours left. The luxury standard.",Insurance,0.006656,38270,2,3,1,3,1,0
"The sneakers you've been waiting for. Save 30% today. Available now. Premium craftsmanship. The counterintuitive trick that doubled our results. Start your free trial — no credit card, cancel anytime.",E-commerce Fashion,0.018878,1768,0,0,2,3,3,0
"The streaming plan you've been waiting for. Try it today. The luxury standard. Save $75 instantly and get free shipping over $50. Available now. Trusted by 10,000+ buyers. A new product.",Entertainment / Streaming,0.022039,107474,0,2,3,1,0,0
The daily supplements you've been waiting for. Shop the collection. Premium craftsmanship. Real savings inside.,Health & Wellness,0.009375,123756,0,0,1,0,0,0
"The skincare set you've been waiting for. Quality you can trust. Great value. What nobody tells you about. #1 rated in its category, backed by 25,000 five-star reviews. Only 24 hours left.",Beauty & Cosmetics,0.025663,145929,2,3,0,0,2,1
"The family sedan you've been waiting for. The counterintuitive trick that doubled our results. Great value. Start your free trial — no credit card, cancel anytime. 48-hour flash sale. The luxury standard.",Automotive,0.008676,174929,3,0,0,3,3,0
"The unlimited data plan you've been waiting for. #1 rated in its category, backed by 25,000 five-star reviews. The counterintuitive trick that doubled our results. Available now. Lowest price guaranteed. Try it today. Save on your order.",Telecom,0.012622,34105,0,3,1,1,3,3
"The game pass you've been waiting for. The counterintuitive trick that doubled our results. Don't miss out. Save $75 instantly and get free shipping over $50. Grab yours now. Join 50,000 happy customers. The luxury standard.",Gaming,0.031837,97120,1,2,3,2,3,0
"The garden kit you've been waiting for. Real savings inside. Shop the collection. Affordable for everyone. A new product. Join 50,000 happy customers. Shop now.",Home & Garden,0.013575,111594,0,2,1,1,0,2
The skincare set you've been waiting for. Affordable for everyone. Shop now. Rated 4.8/5 by thousands. The secret pros use. Great value. 48-hour flash sale.,Beauty & Cosmetics,0.032297,166884,3,2,0,1,2,2
"The sneakers you've been waiting for. Save on your order. Last chance. #1 rated in its category, backed by 25,000 five-star reviews. You'll want to see this. Lowest price guaranteed.",E-commerce Fashion,0.027419,188337,2,3,1,0,1,3
The daily supplements you've been waiting for. 48-hour flash sale. Save 30% today. Unbeatable price. The counterintuitive trick that doubled our results. Get started. Rated 4.8/5 by thousands.,Health & Wellness,0.023555,191557,3,2,2,1,3,3
"The monthly donation you've been waiting for. Start your free trial — no credit card, cancel anytime. Highly rated. Here's why it works. Unbeatable price. Great value. Final hours.",Nonprofit,0.014749,156762,2,1,0,3,1,3
"The skincare set you've been waiting for. Trusted by 10,000+ buyers. Get 40% off. Don't miss out. Quality you can trust. Start your free trial — no credit card, cancel anytime. The counterintuitive trick that doubled our results.",Beauty & Cosmetics,0.031867,58401,1,2,2,3,3,1
The insurance plan you've been waiting for. Offer expires today — act now. For everyone. Real savings inside. Quality you can trust. Here's why it works.,Insurance,0.005914,128242,3,0,1,0,1,1
"The streaming plan you've been waiting for. #1 rated in its category, backed by 25,000 five-star reviews. Start your free trial — no credit card, cancel anytime. Great value. Affordable for everyone.",Entertainment / Streaming,0.02921,189813,0,3,0,3,0,2
"The sneakers you've been waiting for. For everyone. Start your free trial — no credit card, cancel anytime. Here's why it works. Quality you can trust. Save on your order. Ends at midnight tonight.",E-commerce Fashion,0.027602,80227,3,0,1,3,1,1
"The game pass you've been waiting for. The counterintuitive trick that doubled our results. For everyone. Cut your bill by half. Offer expires today — act now. Start your free trial — no credit card, cancel anytime. The luxury standard.",Gaming,0.034441,114957,3,0,2,3,3,0
"The streaming plan you've been waiting for. Trusted by 10,000+ buyers. Save $75 instantly and get free shipping over $50. Unbeatable price. Try it today.",Entertainment / Streaming,0.032537,90021,0,2,3,1,0,3
"The streaming plan you've been waiting for. Highly rated. What nobody tells you about. Premium craftsmanship. Start your free trial — no credit card, cancel anytime. Save $75 instantly and get free shipping over $50. Final hours.",Entertainment / Streaming,0.028912,29442,2,1,3,3,2,0
The garden kit you've been waiting for. Save $75 instantly and get free shipping over $50. Budget-friendly. What nobody tells you about. Claim your discount. 48-hour flash sale. Rated 4.8/5 by thousands.,Home & Garden,0.02008,32359,3,2,3,2,2,2
The garden kit you've been waiting for. The secret pros use. Quality you can trust. Shop the collection. Loved by customers. Save $75 instantly and get free shipping over $50. Start your free trial.,Home & Garden,0.017268,162482,0,1,3,2,2,1
"The getaway package you've been waiting for. The secret pros use. #1 rated in its category, backed by 25,000 five-star reviews. Save $75 instantly and get free shipping over $50. Quality you can trust. Learn more.",Travel & Hospitality,0.016289,47888,0,3,3,0,2,1
The software suite you've been waiting for. The secret pros use. Highly rated. Save on your order. Grab yours now. Last chance. The luxury standard.,SaaS / B2B,0.009797,77078,2,1,1,2,2,0
"The credit card you've been waiting for. Lowest price guaranteed. #1 rated in its category, backed by 25,000 five-star reviews. Cut your bill by half. You'll want to see this. Start your free trial — no credit card, cancel anytime. Ends soon.",Finance / Fintech,0.014693,55674,1,3,2,3,1,3
"The sneakers you've been waiting for. Quality you can trust. Claim your discount. Trusted by 10,000+ buyers. A smarter choice. Here's why it works. Final hours.",E-commerce Fashion,0.020702,70198,2,2,0,2,1,1
"The credit card you've been waiting for. Only 24 hours left. Unbeatable price. Here's why it works. Start your free trial — no credit card, cancel anytime. Save on your order.",Finance / Fintech,0.015989,77085,2,0,1,3,1,3
"The family sedan you've been waiting for. Last chance. Start your free trial — no credit card, cancel anytime. A smarter choice. What nobody tells you about. Join 50,000 happy customers. Affordable for everyone.",Automotive,0.009863,154272,2,2,0,3,2,2
"The online course you've been waiting for. Great value. #1 rated in its category, backed by 25,000 five-star reviews. You'll want to see this. Start your free trial — no credit card, cancel anytime. Quality you can trust. Today only.",Education / e-Learning,0.017737,50391,2,3,0,3,1,1
The wireless headphones you've been waiting for. Great value. Affordable for everyone. You'll want to see this. Offer expires today — act now. For everyone. Claim your discount.,Consumer Electronics,0.021385,129751,3,0,0,2,1,2
"The software suite you've been waiting for. Unbeatable price. Real savings inside. Highly rated. What nobody tells you about. Last chance. Start your free trial — no credit card, cancel anytime.",SaaS / B2B,0.01294,116972,2,1,1,3,2,3
The training program you've been waiting for. Loved by customers. A new product. A smarter choice. Claim your discount. Don't miss out. Premium craftsmanship.,Fitness,0.016332,130632,1,1,0,2,0,0
"The getaway package you've been waiting for. Save on your order. A new product. #1 rated in its category, backed by 25,000 five-star reviews. Shop now. Quality you can trust. Ends at midnight tonight.",Travel & Hospitality,0.016242,144445,3,3,1,1,0,1
The daily supplements you've been waiting for. Affordable for everyone. A customer favorite. Available now. Start your free trial. A smarter choice.,Health & Wellness,0.013864,174367,0,1,0,2,0,2
The insurance plan you've been waiting for. Claim your discount. While supplies last. Rated 4.8/5 by thousands. The luxury standard. Real savings inside. The counterintuitive trick that doubled our results.,Insurance,0.005335,171821,1,2,1,2,3,0
The designer watch you've been waiting for. A smarter choice. Offer expires today — act now. Lowest price guaranteed. Learn more. The secret pros use.,Luxury Goods,0.010926,166811,3,0,0,0,2,3
The coffee subscription you've been waiting for. Save on your order. The counterintuitive trick that doubled our results. Loved by customers. Budget-friendly. Start your free trial.,Food & Beverage,0.019285,41681,0,1,1,2,3,2
"The monthly donation you've been waiting for. Highly rated. Quality you can trust. Real savings inside. The secret pros use. Start your free trial — no credit card, cancel anytime. Ends soon.",Nonprofit,0.013043,105607,1,1,1,3,2,1
The skincare set you've been waiting for. Only 24 hours left. The counterintuitive trick that doubled our results. Quality you can trust. Try it today. Cut your bill by half. Highly rated.,Beauty & Cosmetics,0.026901,101315,2,1,2,1,3,1
The game pass you've been waiting for. Get 40% off. Rated 4.8/5 by thousands. Final hours. A new product. Claim your discount. Quality you can trust.,Gaming,0.040945,192373,2,2,2,2,0,1
The software suite you've been waiting for. Ends soon. Unbeatable price. The counterintuitive trick that doubled our results. Grab yours now. Save $75 instantly and get free shipping over $50.,SaaS / B2B,0.010447,15415,1,0,3,2,3,3
The training program you've been waiting for. Save on your order. The secret pros use. Start your free trial. Lowest price guaranteed. For everyone.,Fitness,0.020576,107784,0,0,1,2,2,3
The credit card you've been waiting for. Highly rated. Shop now. The secret pros use. Only 24 hours left. Save $75 instantly and get free shipping over $50. Budget-friendly.,Finance / Fintech,0.013941,5802,2,1,3,1,2,2
"The monthly donation you've been waiting for. Get 40% off. Start your free trial — no credit card, cancel anytime. What nobody tells you about. Ends soon. Lowest price guaranteed. For everyone.",Nonprofit,0.01601,23036,1,0,2,3,2,3
"The online course you've been waiting for. Quality you can trust. #1 rated in its category, backed by 25,000 five-star reviews. Only 24 hours left. Save $75 instantly and get free shipping over $50. The secret pros use. Start your free trial — no credit card, cancel anytime.",Education / e-Learning,0.019768,16614,2,3,3,3,2,1
"The credit card you've been waiting for. Trusted by 10,000+ buyers. Learn more. Budget-friendly. Only 24 hours left. Cut your bill by half. You'll want to see this.",Finance / Fintech,0.013014,46606,2,2,2,0,1,2
The family sedan you've been waiting for. What nobody tells you about. Last chance. Rated 4.8/5 by thousands. Save $75 instantly and get free shipping over $50. Grab yours now. Quality you can trust.,Automotive,0.010164,87347,2,2,3,2,2,1
"The credit card you've been waiting for. #1 rated in its category, backed by 25,000 five-star reviews. Save on your order. The luxury standard. Ends soon. The counterintuitive trick that doubled our results. Grab yours now.",Finance / Fintech,0.012292,188812,1,3,1,2,3,0
"The sneakers you've been waiting for. The luxury standard. Trusted by 10,000+ buyers. A smarter choice. Get started.",E-commerce Fashion,0.014282,8595,0,2,0,1,0,0
The software suite you've been waiting for. Grab yours now. Great value. What nobody tells you about. Quality you can trust. 48-hour flash sale.,SaaS / B2B,0.009865,147840,3,0,0,2,2,1
"The getaway package you've been waiting for. Affordable for everyone. Available now. The counterintuitive trick that doubled our results. Start your free trial — no credit card, cancel anytime. #1 rated in its category, backed by 25,000 five-star reviews. A smarter choice.",Travel & Hospitality,0.016421,176607,0,3,0,3,3,2
"The monthly donation you've been waiting for. Get started. Quality you can trust. The counterintuitive trick that doubled our results. Great value. Don't miss out. Join 50,000 happy customers.",Nonprofit,0.010336,10830,1,2,0,1,3,1
The garden kit you've been waiting for. Last chance. Quality you can trust. You'll want to see this. Try it today. Cut your bill by half. A customer favorite.,Home & Garden,0.016681,32878,2,1,2,1,1,1
The streaming plan you've been waiting for. A smarter choice. Rated 4.8/5 by thousands. Only 24 hours left. Budget-friendly. A new product.,Entertainment / Streaming,0.030029,111549,2,2,0,0,0,2
"The coffee subscription you've been waiting for. Save on your order. Ends at midnight tonight. A new product. Trusted by 10,000+ buyers. Affordable for everyone.",Food & Beverage,0.021634,156687,3,2,1,0,0,2
The insurance plan you've been waiting for. Try it today. Unbeatable price. While supplies last. The counterintuitive trick that doubled our results. A smarter choice. Highly rated.,Insurance,0.007743,167321,1,1,0,1,3,3
The online course you've been waiting for. Quality you can trust. The secret pros use. Shop now. Rated 4.8/5 by thousands. Great value.,Education / e-Learning,0.011516,187640,0,2,0,1,2,1
"The unlimited data plan you've been waiting for. Save $75 instantly and get free shipping over $50. #1 rated in its category, backed by 25,000 five-star reviews. Learn more. Shop the collection. Premium craftsmanship.",Telecom,0.00989,39934,0,3,3,0,0,0
"The monthly donation you've been waiting for. Start your free trial — no credit card, cancel anytime. Get 40% off. Quality you can trust. Trusted by 10,000+ buyers. Ends soon. What nobody tells you about.",Nonprofit,0.014511,4765,1,2,2,3,2,1
The downtown condo you've been waiting for. Here's why it works. Highly rated. Ends soon. Save $75 instantly and get free shipping over $50. Get started. Quality you can trust.,Real Estate,0.007396,34697,1,1,3,1,1,1
The sneakers you've been waiting for. Real savings inside. The counterintuitive trick that doubled our results. The luxury standard.,E-commerce Fashion,0.014342,111459,0,0,1,0,3,0
The sneakers you've been waiting for. The counterintuitive trick that doubled our results. Great value. While supplies last. Unbeatable price. For everyone. Learn more.,E-commerce Fashion,0.020012,133864,1,0,0,0,3,3
The streaming plan you've been waiting for. Cut your bill by half. Unbeatable price. Learn more. 48-hour flash sale. Highly rated. A new product.,Entertainment / Streaming,0.033858,175423,3,1,2,0,0,3
The daily supplements you've been waiting for. Quality you can trust. Shop the collection. Get 40% off. The secret pros use. Highly rated.,Health & Wellness,0.015311,185675,0,1,2,0,2,1
The designer watch you've been waiting for. What nobody tells you about. Grab yours now. Save $75 instantly and get free shipping over $50. Offer expires today — act now. Loved by customers. Quality you can trust.,Luxury Goods,0.012554,142508,3,1,3,2,2,1
The family sedan you've been waiting for. Rated 4.8/5 by thousands. You'll want to see this. Cut your bill by half. Claim your discount. Only 24 hours left. Quality you can trust.,Automotive,0.009598,12098,2,2,2,2,1,1
"The skincare set you've been waiting for. What nobody tells you about. Great value. Trusted by 10,000+ buyers. The luxury standard. Last chance. Get started.",Beauty & Cosmetics,0.020865,114200,2,2,0,1,2,0
"The credit card you've been waiting for. Don't miss out. Start your free trial. Save $75 instantly and get free shipping over $50. #1 rated in its category, backed by 25,000 five-star reviews. The luxury standard. The secret pros use.",Finance / Fintech,0.015928,31818,1,3,3,2,2,0
"The credit card you've been waiting for. Great value. Unbeatable price. Claim your discount. Here's why it works. #1 rated in its category, backed by 25,000 five-star reviews. Ends soon.",Finance / Fintech,0.01374,28516,1,3,0,2,1,3
The wireless headphones you've been waiting for. Don't miss out. For everyone. Budget-friendly. The secret pros use. Save $75 instantly and get free shipping over $50. Start your free trial.,Consumer Electronics,0.021474,161069,1,0,3,2,2,2
"The wireless headphones you've been waiting for. Final hours. Lowest price guaranteed. Start your free trial — no credit card, cancel anytime. Rated 4.8/5 by thousands. Save $75 instantly and get free shipping over $50. Here's why it works.",Consumer Electronics,0.029554,10369,2,2,3,3,1,3
The family sedan you've been waiting for. Loved by customers. Affordable for everyone. Great value. Start your free trial. Don't miss out.,Automotive,0.007867,42666,1,1,0,2,0,2
"The wireless headphones you've been waiting for. The counterintuitive trick that doubled our results. Great value. Start your free trial. #1 rated in its category, backed by 25,000 five-star reviews. 48-hour flash sale. Unbeatable price.",Consumer Electronics,0.025259,112820,3,3,0,2,3,3
The streaming plan you've been waiting for. Save $75 instantly and get free shipping over $50. Affordable for everyone. Shop now. Offer expires today — act now. Here's why it works. Rated 4.8/5 by thousands.,Entertainment / Streaming,0.040175,64482,3,2,3,1,1,2
The sneakers you've been waiting for. Quality you can trust. Offer expires today — act now. Learn more. What nobody tells you about. Save on your order.,E-commerce Fashion,0.021527,144186,3,0,1,0,2,1
"The online course you've been waiting for. Start your free trial — no credit card, cancel anytime. Quality you can trust. Final hours. A new product. Save on your order.",Education / e-Learning,0.012336,75743,2,0,1,3,0,1
"The family sedan you've been waiting for. What nobody tells you about. Real savings inside. Lowest price guaranteed. #1 rated in its category, backed by 25,000 five-star reviews. Offer expires today — act now. Get started.",Automotive,0.013265,180093,3,3,1,1,2,3
The training program you've been waiting for. Highly rated. Lowest price guaranteed. Offer expires today — act now. Get started. The counterintuitive trick that doubled our results. Great value.,Fitness,0.027148,136295,3,1,0,1,3,3
"The monthly donation you've been waiting for. The luxury standard. Join 50,000 happy customers. While supplies last. Start your free trial — no credit card, cancel anytime. A new product. Save $75 instantly and get free shipping over $50.",Nonprofit,0.014556,33767,1,2,3,3,0,0
"The garden kit you've been waiting for. #1 rated in its category, backed by 25,000 five-star reviews. The counterintuitive trick that doubled our results. Unbeatable price. Great value. Final hours. Try it today.",Home & Garden,0.019667,162470,2,3,0,1,3,3
The credit card you've been waiting for. Budget-friendly. The counterintuitive trick that doubled our results. Shop now. For everyone. Save $75 instantly and get free shipping over $50. Don't miss out.,Finance / Fintech,0.01547,186289,1,0,3,1,3,2
"The skincare set you've been waiting for. Claim your discount. Budget-friendly. The counterintuitive trick that doubled our results. Only 24 hours left. Trusted by 10,000+ buyers. Save $75 instantly and get free shipping over $50.",Beauty & Cosmetics,0.036363,76489,2,2,3,2,3,2
"The sneakers you've been waiting for. Don't miss out. Join 50,000 happy customers. The secret pros use. Lowest price guaranteed. Try it today. Save $75 instantly and get free shipping over $50.",E-commerce Fashion,0.028757,90792,1,2,3,1,2,3
"The monthly donation you've been waiting for. #1 rated in its category, backed by 25,000 five-star reviews. Affordable for everyone. Ends at midnight tonight. Save $75 instantly and get free shipping over $50.",Nonprofit,0.017981,96878,3,3,3,0,0,2
The skincare set you've been waiting for. Affordable for everyone. The counterintuitive trick that doubled our results. Learn more. Final hours. Save $75 instantly and get free shipping over $50. Rated 4.8/5 by thousands.,Beauty & Cosmetics,0.029035,99645,2,2,3,0,3,2
"The online course you've been waiting for. Available now. Try it today. The luxury standard. Join 50,000 happy customers. The counterintuitive trick that doubled our results. Cut your bill by half.",Education / e-Learning,0.013087,43384,0,2,2,1,3,0
"The monthly donation you've been waiting for. Start your free trial — no credit card, cancel anytime. #1 rated in its category, backed by 25,000 five-star reviews. Quality you can trust. Real savings inside. Ends at midnight tonight.",Nonprofit,0.01882,40939,3,3,1,3,0,1
"The credit card you've been waiting for. Start your free trial — no credit card, cancel anytime. The luxury standard. Save $75 instantly and get free shipping over $50. While supplies last. #1 rated in its category, backed by 25,000 five-star reviews. The counterintuitive trick that doubled our results.",Finance / Fintech,0.014916,25303,1,3,3,3,3,0
The credit card you've been waiting for. Affordable for everyone. You'll want to see this. Get started. For everyone. Ends soon. Real savings inside.,Finance / Fintech,0.009961,44231,1,0,1,1,1,2
"The insurance plan you've been waiting for. Get 40% off. #1 rated in its category, backed by 25,000 five-star reviews. The secret pros use. Shop the collection. Budget-friendly. Start your free trial — no credit card, cancel anytime.",Insurance,0.007239,101020,0,3,2,3,2,2
The coffee subscription you've been waiting for. Grab yours now. Here's why it works. Save $75 instantly and get free shipping over $50. A customer favorite. Quality you can trust. Final hours.,Food & Beverage,0.022513,88128,2,1,3,2,1,1
"The family sedan you've been waiting for. Rated 4.8/5 by thousands. Get 40% off. Only 24 hours left. Start your free trial — no credit card, cancel anytime. Affordable for everyone. The counterintuitive trick that doubled our results.",Automotive,0.011666,159720,2,2,2,3,3,2
The coffee subscription you've been waiting for. Premium craftsmanship. Try it today. Great value. Last chance. Here's why it works.,Food & Beverage,0.016241,37873,2,0,0,1,1,0
The designer watch you've been waiting for. Premium craftsmanship. Learn more. You'll want to see this. Great value. For everyone. 48-hour flash sale.,Luxury Goods,0.006956,56319,3,0,0,0,1,0
The streaming plan you've been waiting for. Quality you can trust. Rated 4.8/5 by thousands. The secret pros use. Shop now. Ends at midnight tonight. Real savings inside.,Entertainment / Streaming,0.035782,59001,3,2,1,1,2,1
"The unlimited data plan you've been waiting for. The luxury standard. Today only. The counterintuitive trick that doubled our results. Rated 4.8/5 by thousands. Start your free trial — no credit card, cancel anytime. Save 30% today.",Telecom,0.012383,44306,2,2,2,3,3,0
"The streaming plan you've been waiting for. A smarter choice. #1 rated in its category, backed by 25,000 five-star reviews. Unbeatable price. Here's why it works. Start your free trial — no credit card, cancel anytime. Available now.",Entertainment / Streaming,0.030663,96693,0,3,0,3,1,3
The daily supplements you've been waiting for. Get started. The counterintuitive trick that doubled our results. Premium craftsmanship. For everyone. Cut your bill by half. Don't miss out.,Health & Wellness,0.014931,179280,1,0,2,1,3,0
"The wireless headphones you've been waiting for. The counterintuitive trick that doubled our results. Save on your order. Today only. Quality you can trust. Claim your discount. #1 rated in its category, backed by 25,000 five-star reviews.",Consumer Electronics,0.0226,15271,2,3,1,2,3,1
"The garden kit you've been waiting for. Final hours. Quality you can trust. Loved by customers. Great value. Start your free trial — no credit card, cancel anytime. What nobody tells you about.",Home & Garden,0.016207,187274,2,1,0,3,2,1
The garden kit you've been waiting for. Premium craftsmanship. Great value. What nobody tells you about. Available now. Loved by customers.,Home & Garden,0.00932,11105,0,1,0,0,2,0
"The daily supplements you've been waiting for. Last chance. Premium craftsmanship. Start your free trial — no credit card, cancel anytime. Get 40% off. #1 rated in its category, backed by 25,000 five-star reviews. What nobody tells you about.",Health & Wellness,0.021327,189165,2,3,2,3,2,0
The wireless headphones you've been waiting for. Rated 4.8/5 by thousands. Save 30% today. Lowest price guaranteed. Shop the collection. Here's why it works. Learn more.,Consumer Electronics,0.021548,175601,0,2,2,0,1,3
The software suite you've been waiting for. Offer expires today — act now. Get started. Rated 4.8/5 by thousands. A new product. Save $75 instantly and get free shipping over $50. The luxury standard.,SaaS / B2B,0.010173,159433,3,2,3,1,0,0
The designer watch you've been waiting for. Unbeatable price. While supplies last. Loved by customers. You'll want to see this. Learn more. A smarter choice.,Luxury Goods,0.010065,120254,1,1,0,0,1,3
The streaming plan you've been waiting for. Unbeatable price. The secret pros use. For everyone. Cut your bill by half.,Entertainment / Streaming,0.026376,67583,0,0,2,0,2,3
"The training program you've been waiting for. Save 30% today. #1 rated in its category, backed by 25,000 five-star reviews. Here's why it works. Grab yours now. 48-hour flash sale. Unbeatable price.",Fitness,0.032571,65671,3,3,2,2,1,3
The getaway package you've been waiting for. Start your free trial. A new product. Quality you can trust. Available now. Great value.,Travel & Hospitality,0.011221,68511,0,0,0,2,0,1
The credit card you've been waiting for. Premium craftsmanship. Real savings inside. You'll want to see this. Offer expires today — act now. A customer favorite.,Finance / Fintech,0.010483,176160,3,1,1,0,1,0
The grain-free pet food you've been waiting for. Save $75 instantly and get free shipping over $50. Ends soon. Highly rated. What nobody tells you about. Learn more. Lowest price guaranteed.,Pet Care,0.0269,182719,1,1,3,0,2,3
The streaming plan you've been waiting for. You'll want to see this. Claim your discount. A smarter choice. Available now. Affordable for everyone.,Entertainment / Streaming,0.021031,191131,0,0,0,2,1,2
"The getaway package you've been waiting for. Don't miss out. Save 30% today. Here's why it works. Loved by customers. Premium craftsmanship. Start your free trial — no credit card, cancel anytime.",Travel & Hospitality,0.016222,162824,1,1,2,3,1,0
"The coffee subscription you've been waiting for. Start your free trial. #1 rated in its category, backed by 25,000 five-star reviews. Save 30% today. Only 24 hours left. Lowest price guaranteed.",Food & Beverage,0.027258,72188,2,3,2,2,0,3
"The credit card you've been waiting for. Affordable for everyone. The secret pros use. Today only. Great value. Grab yours now. #1 rated in its category, backed by 25,000 five-star reviews.",Finance / Fintech,0.013379,139218,2,3,0,2,2,2
The skincare set you've been waiting for. The secret pros use. Shop the collection. The luxury standard. Grab yours now. Save 30% today.,Beauty & Cosmetics,0.016646,155741,0,0,2,2,2,0
The wireless headphones you've been waiting for. Quality you can trust. A smarter choice. For everyone. Only 24 hours left.,Consumer Electronics,0.012973,54951,2,0,0,0,0,1
"The skincare set you've been waiting for. Join 50,000 happy customers. Quality you can trust. What nobody tells you about. Start your free trial — no credit card, cancel anytime. Get 40% off.",Beauty & Cosmetics,0.027156,42567,0,2,2,3,2,1
"The software suite you've been waiting for. A new product. #1 rated in its category, backed by 25,000 five-star reviews. Last chance. Save on your order. Lowest price guaranteed.",SaaS / B2B,0.01176,159799,2,3,1,0,0,3
"The getaway package you've been waiting for. Only 24 hours left. Highly rated. Start your free trial — no credit card, cancel anytime. Save $75 instantly and get free shipping over $50. Lowest price guaranteed.",Travel & Hospitality,0.020303,35615,2,1,3,3,0,3
"The monthly donation you've been waiting for. Start your free trial — no credit card, cancel anytime. #1 rated in its category, backed by 25,000 five-star reviews. Lowest price guaranteed. Great value. A new product. Ends at midnight tonight.",Nonprofit,0.018795,102330,3,3,0,3,0,3
"The wireless headphones you've been waiting for. Ends soon. Save $75 instantly and get free shipping over $50. #1 rated in its category, backed by 25,000 five-star reviews. A new product. The luxury standard. Try it today.",Consumer Electronics,0.022124,59109,1,3,3,1,0,0
"The coffee subscription you've been waiting for. Final hours. Quality you can trust. The counterintuitive trick that doubled our results. #1 rated in its category, backed by 25,000 five-star reviews. Save $75 instantly and get free shipping over $50. Start your free trial — no credit card, cancel anytime.",Food & Beverage,0.027053,158380,2,3,3,3,3,1
"The coffee subscription you've been waiting for. Offer expires today — act now. Save $75 instantly and get free shipping over $50. Unbeatable price. #1 rated in its category, backed by 25,000 five-star reviews.",Food & Beverage,0.028506,174312,3,3,3,0,0,3
"The software suite you've been waiting for. Get 40% off. Premium craftsmanship. Join 50,000 happy customers. A new product. Ends at midnight tonight.",SaaS / B2B,0.009333,115841,3,2,2,0,0,0
"The sneakers you've been waiting for. Only 24 hours left. Start your free trial — no credit card, cancel anytime. Lowest price guaranteed. Here's why it works. Save on your order.",E-commerce Fashion,0.031816,189192,2,0,1,3,1,3
"The streaming plan you've been waiting for. Start your free trial — no credit card, cancel anytime. The counterintuitive trick that doubled our results. Highly rated. Premium craftsmanship. Shop the collection. Cut your bill by half.",Entertainment / Streaming,0.025379,125693,0,1,2,3,3,0
"The game pass you've been waiting for. A smarter choice. Start your free trial — no credit card, cancel anytime. The counterintuitive trick that doubled our results. Budget-friendly. Don't miss out. Trusted by 10,000+ buyers.",Gaming,0.035768,174055,1,2,0,3,3,2
"The grain-free pet food you've been waiting for. Lowest price guaranteed. Save 30% today. Join 50,000 happy customers. Available now. Claim your discount.",Pet Care,0.027869,159347,0,2,2,2,0,3
"The training program you've been waiting for. You'll want to see this. Start your free trial — no credit card, cancel anytime. Premium craftsmanship. Save $75 instantly and get free shipping over $50. While supplies last. #1 rated in its category, backed by 25,000 five-star reviews.",Fitness,0.028286,37579,1,3,3,3,1,0
"The family sedan you've been waiting for. #1 rated in its category, backed by 25,000 five-star reviews. Budget-friendly. Shop now. Cut your bill by half. The secret pros use. Offer expires today — act now.",Automotive,0.012308,154941,3,3,2,1,2,2
The grain-free pet food you've been waiting for. 48-hour flash sale. Learn more. Lowest price guaranteed. Cut your bill by half.,Pet Care,0.023201,181356,3,0,2,0,0,3
"The credit card you've been waiting for. Start your free trial — no credit card, cancel anytime. A new product. Join 50,000 happy customers. Save $75 instantly and get free shipping over $50. Unbeatable price. Available now.",Finance / Fintech,0.015508,35539,0,2,3,3,0,3
The designer watch you've been waiting for. The counterintuitive trick that doubled our results. Try it today. The luxury standard. Loved by customers. Ends at midnight tonight. Get 40% off.,Luxury Goods,0.011286,1650,3,1,2,1,3,0
"The software suite you've been waiting for. Offer expires today — act now. Try it today. Here's why it works. Quality you can trust. Join 50,000 happy customers. Great value.",SaaS / B2B,0.009248,60984,3,2,0,1,1,1
"The game pass you've been waiting for. Budget-friendly. Start your free trial — no credit card, cancel anytime. Ends at midnight tonight. Rated 4.8/5 by thousands. The secret pros use. Save $75 instantly and get free shipping over $50.",Gaming,0.04443,116170,3,2,3,3,2,2
The credit card you've been waiting for. What nobody tells you about. Get 40% off. Ends at midnight tonight. Affordable for everyone. For everyone.,Finance / Fintech,0.012848,178658,3,0,2,0,2,2
"The grain-free pet food you've been waiting for. Last chance. Highly rated. Here's why it works. Affordable for everyone. Start your free trial — no credit card, cancel anytime. Real savings inside.",Pet Care,0.034124,86155,2,1,1,3,1,2
"The sneakers you've been waiting for. #1 rated in its category, backed by 25,000 five-star reviews. Here's why it works. Start your free trial — no credit card, cancel anytime. Premium craftsmanship. Don't miss out. Save $75 instantly and get free shipping over $50.",E-commerce Fashion,0.025106,190550,1,3,3,3,1,0
"The coffee subscription you've been waiting for. #1 rated in its category, backed by 25,000 five-star reviews. Unbeatable price. Learn more. A smarter choice.",Food & Beverage,0.01937,158500,0,3,0,0,0,3
The getaway package you've been waiting for. A new product. Ends at midnight tonight. Quality you can trust. Grab yours now. Save on your order.,Travel & Hospitality,0.017498,33107,3,0,1,2,0,1
"The streaming plan you've been waiting for. The counterintuitive trick that doubled our results. #1 rated in its category, backed by 25,000 five-star reviews. Start your free trial — no credit card, cancel anytime. Affordable for everyone. Offer expires today — act now. Save $75 instantly and get free shipping over $50.",Entertainment / Streaming,0.051739,172432,3,3,3,3,3,2
The skincare set you've been waiting for. Premium craftsmanship. Only 24 hours left. Loved by customers. Learn more. A smarter choice.,Beauty & Cosmetics,0.017874,138538,2,1,0,0,0,0
"The coffee subscription you've been waiting for. Lowest price guaranteed. #1 rated in its category, backed by 25,000 five-star reviews. Here's why it works. Offer expires today — act now. Save 30% today.",Food & Beverage,0.022843,147917,3,3,2,0,1,3
"The getaway package you've been waiting for. Start your free trial — no credit card, cancel anytime. Real savings inside. While supplies last. The counterintuitive trick that doubled our results. Premium craftsmanship.",Travel & Hospitality,0.013999,85178,1,0,1,3,3,0
"The game pass you've been waiting for. For everyone. Premium craftsmanship. Start your free trial — no credit card, cancel anytime. Last chance. Save 30% today. You'll want to see this.",Gaming,0.028292,111781,2,0,2,3,1,0
The unlimited data plan you've been waiting for. Offer expires today — act now. Shop now. Real savings inside. Affordable for everyone. Rated 4.8/5 by thousands. The counterintuitive trick that doubled our results.,Telecom,0.013466,159743,3,2,1,1,3,2
"The training program you've been waiting for. Great value. #1 rated in its category, backed by 25,000 five-star reviews. You'll want to see this. Get started. Offer expires today — act now. Lowest price guaranteed.",Fitness,0.028347,149839,3,3,0,1,1,3
"The wireless headphones you've been waiting for. Save on your order. The counterintuitive trick that doubled our results. #1 rated in its category, backed by 25,000 five-star reviews. Offer expires today — act now. Budget-friendly. Grab yours now.",Consumer Electronics,0.026531,22828,3,3,1,2,3,2
"The garden kit you've been waiting for. Start your free trial — no credit card, cancel anytime. Today only. Get 40% off. The counterintuitive trick that doubled our results. Quality you can trust. Rated 4.8/5 by thousands.",Home & Garden,0.022061,124406,2,2,2,3,3,1
"The daily supplements you've been waiting for. Last chance. A customer favorite. The luxury standard. A smarter choice. Start your free trial — no credit card, cancel anytime. Here's why it works.",Health & Wellness,0.014834,188632,2,1,0,3,1,0
"The family sedan you've been waiting for. Last chance. Save $75 instantly and get free shipping over $50. Rated 4.8/5 by thousands. The counterintuitive trick that doubled our results. The luxury standard. Start your free trial — no credit card, cancel anytime.",Automotive,0.010384,188718,2,2,3,3,3,0
"The unlimited data plan you've been waiting for. #1 rated in its category, backed by 25,000 five-star reviews. You'll want to see this. Today only. Unbeatable price. A smarter choice. Get started.",Telecom,0.015391,50228,2,3,0,1,1,3
"The coffee subscription you've been waiting for. Start your free trial — no credit card, cancel anytime. While supplies last. Quality you can trust. Rated 4.8/5 by thousands. Save on your order.",Food & Beverage,0.020422,159541,1,2,1,3,0,1
The sneakers you've been waiting for. While supplies last. A smarter choice. Here's why it works. Loved by customers. Unbeatable price.,E-commerce Fashion,0.021846,28670,1,1,0,0,1,3
"The game pass you've been waiting for. Save on your order. Start your free trial — no credit card, cancel anytime. Today only. The luxury standard.",Gaming,0.027835,9649,2,0,1,3,0,0
"The wireless headphones you've been waiting for. You'll want to see this. Highly rated. Save $75 instantly and get free shipping over $50. Affordable for everyone. Available now. Start your free trial — no credit card, cancel anytime.",Consumer Electronics,0.019042,142068,0,1,3,3,1,2
"The streaming plan you've been waiting for. The secret pros use. Quality you can trust. Start your free trial. Save 30% today. Don't miss out. #1 rated in its category, backed by 25,000 five-star reviews.",Entertainment / Streaming,0.03359,174925,1,3,2,2,2,1
The daily supplements you've been waiting for. Save 30% today. Try it today. Unbeatable price. For everyone. Offer expires today — act now. A new product.,Health & Wellness,0.020363,131433,3,0,2,1,0,3
"The getaway package you've been waiting for. Learn more. #1 rated in its category, backed by 25,000 five-star reviews. Get 40% off. Unbeatable price. Here's why it works.",Travel & Hospitality,0.018709,134374,0,3,2,0,1,3
"The training program you've been waiting for. Start your free trial. Premium craftsmanship. What nobody tells you about. Ends soon. Great value. #1 rated in its category, backed by 25,000 five-star reviews.",Fitness,0.019517,196005,1,3,0,2,2,0
"The wireless headphones you've been waiting for. The counterintuitive trick that doubled our results. Unbeatable price. Shop the collection. Save $75 instantly and get free shipping over $50. #1 rated in its category, backed by 25,000 five-star reviews.",Consumer Electronics,0.025111,52789,0,3,3,0,3,3
"The software suite you've been waiting for. Quality you can trust. Save $75 instantly and get free shipping over $50. While supplies last. #1 rated in its category, backed by 25,000 five-star reviews. Try it today. The counterintuitive trick that doubled our results.",SaaS / B2B,0.012309,27942,1,3,3,1,3,1
"The wireless headphones you've been waiting for. You'll want to see this. Great value. #1 rated in its category, backed by 25,000 five-star reviews. The luxury standard. Offer expires today — act now. Get started.",Consumer Electronics,0.021183,171381,3,3,0,1,1,0
"The garden kit you've been waiting for. You'll want to see this. Ends soon. Save 30% today. The luxury standard. Start your free trial — no credit card, cancel anytime.",Home & Garden,0.013108,146006,1,0,2,3,1,0
"The sneakers you've been waiting for. You'll want to see this. Offer expires today — act now. Start your free trial — no credit card, cancel anytime. Quality you can trust. Get 40% off.",E-commerce Fashion,0.024847,133682,3,0,2,3,1,1
"The credit card you've been waiting for. Save $75 instantly and get free shipping over $50. #1 rated in its category, backed by 25,000 five-star reviews. What nobody tells you about. Final hours. Premium craftsmanship.",Finance / Fintech,0.013305,98867,2,3,3,0,2,0
"The grain-free pet food you've been waiting for. Quality you can trust. Learn more. The secret pros use. Join 50,000 happy customers. While supplies last. Great value.",Pet Care,0.017021,162052,1,2,0,0,2,1
"The family sedan you've been waiting for. Unbeatable price. #1 rated in its category, backed by 25,000 five-star reviews. Shop now. Available now. Save $75 instantly and get free shipping over $50.",Automotive,0.010314,63614,0,3,3,1,0,3
"The software suite you've been waiting for. Budget-friendly. You'll want to see this. Offer expires today — act now. #1 rated in its category, backed by 25,000 five-star reviews. A smarter choice. Shop now.",SaaS / B2B,0.010405,39415,3,3,0,1,1,2
The training program you've been waiting for. Quality you can trust. Learn more. Shop the collection. Cut your bill by half.,Fitness,0.01495,123507,0,0,2,0,0,1
The monthly donation you've been waiting for. You'll want to see this. Save $75 instantly and get free shipping over $50. Budget-friendly. Try it today. Ends soon. For everyone.,Nonprofit,0.01387,17469,1,0,3,1,1,2
"The credit card you've been waiting for. Save on your order. The counterintuitive trick that doubled our results. Budget-friendly. Available now. Join 50,000 happy customers. Start your free trial — no credit card, cancel anytime.",Finance / Fintech,0.012349,94552,0,2,1,3,3,2
The coffee subscription you've been waiting for. Save 30% today. Here's why it works. Try it today. Rated 4.8/5 by thousands. Offer expires today — act now. Affordable for everyone.,Food & Beverage,0.026986,75528,3,2,2,1,1,2
"The garden kit you've been waiting for. The luxury standard. #1 rated in its category, backed by 25,000 five-star reviews. Here's why it works. Save on your order.",Home & Garden,0.011075,118162,0,3,1,0,1,0
The grain-free pet food you've been waiting for. Premium craftsmanship. For everyone. Save $75 instantly and get free shipping over $50. Available now. A new product. Learn more.,Pet Care,0.014952,7152,0,0,3,0,0,0
The getaway package you've been waiting for. Rated 4.8/5 by thousands. Cut your bill by half. Available now. Affordable for everyone. Grab yours now.,Travel & Hospitality,0.014291,2667,0,2,2,2,0,2
The designer watch you've been waiting for. Save $75 instantly and get free shipping over $50. Premium craftsmanship. Learn more. The counterintuitive trick that doubled our results. 48-hour flash sale. For everyone.,Luxury Goods,0.009159,42296,3,0,3,0,3,0
"The family sedan you've been waiting for. The secret pros use. #1 rated in its category, backed by 25,000 five-star reviews. The luxury standard. Don't miss out. Start your free trial — no credit card, cancel anytime. A smarter choice.",Automotive,0.007688,11569,1,3,0,3,2,0
"The game pass you've been waiting for. The secret pros use. Get 40% off. Ends soon. #1 rated in its category, backed by 25,000 five-star reviews. Budget-friendly.",Gaming,0.033447,22000,1,3,2,0,2,2
"The coffee subscription you've been waiting for. Start your free trial — no credit card, cancel anytime. You'll want to see this. Real savings inside. Budget-friendly. Available now.",Food & Beverage,0.018682,94216,0,0,1,3,1,2
"The coffee subscription you've been waiting for. Quality you can trust. #1 rated in its category, backed by 25,000 five-star reviews. While supplies last. Great value. Try it today.",Food & Beverage,0.02029,155578,1,3,0,1,0,1
"The online course you've been waiting for. Great value. A new product. While supplies last. #1 rated in its category, backed by 25,000 five-star reviews. Lowest price guaranteed.",Education / e-Learning,0.014894,85924,1,3,0,0,0,3
The wireless headphones you've been waiting for. For everyone. Start your free trial. The counterintuitive trick that doubled our results. Unbeatable price. Great value. Final hours.,Consumer Electronics,0.020013,62756,2,0,0,2,3,3
The game pass you've been waiting for. Highly rated. The secret pros use. Save 30% today. Shop the collection. Affordable for everyone.,Gaming,0.030221,94760,0,1,2,0,2,2
The daily supplements you've been waiting for. Real savings inside. A new product. Claim your discount. Premium craftsmanship. 48-hour flash sale.,Health & Wellness,0.016673,31134,3,0,1,2,0,0
"The skincare set you've been waiting for. Lowest price guaranteed. What nobody tells you about. Available now. Get started. A smarter choice. Trusted by 10,000+ buyers.",Beauty & Cosmetics,0.026784,105036,0,2,0,1,2,3
"The game pass you've been waiting for. The counterintuitive trick that doubled our results. Shop the collection. Start your free trial — no credit card, cancel anytime. For everyone. Save $75 instantly and get free shipping over $50. Budget-friendly.",Gaming,0.033042,26095,0,0,3,3,3,2
"The getaway package you've been waiting for. The secret pros use. Real savings inside. Start your free trial — no credit card, cancel anytime. Budget-friendly. #1 rated in its category, backed by 25,000 five-star reviews. Shop the collection.",Travel & Hospitality,0.017043,17053,0,3,1,3,2,2
The wireless headphones you've been waiting for. Claim your discount. Available now. You'll want to see this. Highly rated. Great value. Premium craftsmanship.,Consumer Electronics,0.012366,83856,0,1,0,2,1,0
The family sedan you've been waiting for. A new product. Last chance. Lowest price guaranteed. A customer favorite. Get 40% off. Try it today.,Automotive,0.008783,37453,2,1,2,1,0,3
The training program you've been waiting for. Start your free trial. A new product. Ends at midnight tonight. Quality you can trust. Save $75 instantly and get free shipping over $50.,Fitness,0.022813,86030,3,0,3,2,0,1
"The training program you've been waiting for. Premium craftsmanship. Only 24 hours left. Get 40% off. What nobody tells you about. Learn more. #1 rated in its category, backed by 25,000 five-star reviews.",Fitness,0.022418,195070,2,3,2,0,2,0
"The daily supplements you've been waiting for. Try it today. You'll want to see this. Don't miss out. Save 30% today. The luxury standard. #1 rated in its category, backed by 25,000 five-star reviews.",Health & Wellness,0.013602,24036,1,3,2,1,1,0
The monthly donation you've been waiting for. While supplies last. Lowest price guaranteed. You'll want to see this. A smarter choice. Rated 4.8/5 by thousands.,Nonprofit,0.012869,108374,1,2,0,0,1,3
"The insurance plan you've been waiting for. Ends soon. Learn more. Quality you can trust. A smarter choice. #1 rated in its category, backed by 25,000 five-star reviews. Here's why it works.",Insurance,0.005402,13709,1,3,0,0,1,1
The sneakers you've been waiting for. The luxury standard. A customer favorite. You'll want to see this. Great value. Shop now.,E-commerce Fashion,0.01368,162990,0,1,0,1,1,0
The software suite you've been waiting for. A new product. Try it today. Highly rated. Quality you can trust. Save on your order.,SaaS / B2B,0.006193,16693,0,1,1,1,0,1
"The grain-free pet food you've been waiting for. What nobody tells you about. #1 rated in its category, backed by 25,000 five-star reviews. Last chance. Quality you can trust. Real savings inside. Try it today.",Pet Care,0.025268,191720,2,3,1,1,2,1
"The game pass you've been waiting for. Last chance. Premium craftsmanship. What nobody tells you about. Join 50,000 happy customers. Cut your bill by half. Get started.",Gaming,0.03,85773,2,2,2,1,2,0
The monthly donation you've been waiting for. 48-hour flash sale. Here's why it works. Shop now. Lowest price guaranteed. Get 40% off. Rated 4.8/5 by thousands.,Nonprofit,0.019452,107931,3,2,2,1,1,3
"The online course you've been waiting for. Start your free trial — no credit card, cancel anytime. Rated 4.8/5 by thousands. Premium craftsmanship. A new product. Don't miss out. Save $75 instantly and get free shipping over $50.",Education / e-Learning,0.014369,184862,1,2,3,3,0,0
"The unlimited data plan you've been waiting for. Save $75 instantly and get free shipping over $50. Ends at midnight tonight. #1 rated in its category, backed by 25,000 five-star reviews. The secret pros use. Quality you can trust. Get started.",Telecom,0.014846,131090,3,3,3,1,2,1
"The insurance plan you've been waiting for. Final hours. Affordable for everyone. Claim your discount. #1 rated in its category, backed by 25,000 five-star reviews. Here's why it works. Save $75 instantly and get free shipping over $50.",Insurance,0.009076,87018,2,3,3,2,1,2
"The family sedan you've been waiting for. Trusted by 10,000+ buyers. Grab yours now. Save 30% today. The counterintuitive trick that doubled our results. Quality you can trust. Available now.",Automotive,0.009382,94710,0,2,2,2,3,1
The training program you've been waiting for. Ends soon. Save 30% today. Shop now. Quality you can trust. Rated 4.8/5 by thousands.,Fitness,0.025199,20769,1,2,2,1,0,1
The getaway package you've been waiting for. Quality you can trust. Don't miss out. Real savings inside. Start your free trial. The secret pros use. For everyone.,Travel & Hospitality,0.01273,167413,1,0,1,2,2,1
The software suite you've been waiting for. A customer favorite. Save on your order. Don't miss out. A new product. Premium craftsmanship. Get started.,SaaS / B2B,0.00664,132753,1,1,1,1,0,0
"The designer watch you've been waiting for. Affordable for everyone. Real savings inside. Here's why it works. Trusted by 10,000+ buyers. Start your free trial — no credit card, cancel anytime. Shop the collection.",Luxury Goods,0.009934,14786,0,2,1,3,1,2
The grain-free pet food you've been waiting for. Quality you can trust. Shop the collection. What nobody tells you about. Loved by customers. A smarter choice.,Pet Care,0.016395,112759,0,1,0,0,2,1
The wireless headphones you've been waiting for. Get 40% off. Quality you can trust. 48-hour flash sale. Grab yours now. For everyone. The counterintuitive trick that doubled our results.,Consumer Electronics,0.023474,24147,3,0,2,2,3,1
"The coffee subscription you've been waiting for. Learn more. Quality you can trust. While supplies last. Join 50,000 happy customers. Save 30% today. Here's why it works.",Food & Beverage,0.020065,42029,1,2,2,0,1,1
The garden kit you've been waiting for. Save $75 instantly and get free shipping over $50. The counterintuitive trick that doubled our results. Highly rated. The luxury standard. Shop now. Only 24 hours left.,Home & Garden,0.016894,26843,2,1,3,1,3,0
"The online course you've been waiting for. Highly rated. Final hours. Start your free trial — no credit card, cancel anytime. Here's why it works. Unbeatable price. Real savings inside.",Education / e-Learning,0.017741,48661,2,1,1,3,1,3
"The insurance plan you've been waiting for. Shop the collection. Grab yours now. Cut your bill by half. The secret pros use. The luxury standard. Join 50,000 happy customers.",Insurance,0.005297,98329,0,2,2,2,2,0
The wireless headphones you've been waiting for. Final hours. A customer favorite. Get 40% off. Quality you can trust. The secret pros use. Learn more.,Consumer Electronics,0.018862,47411,2,1,2,0,2,1
"The garden kit you've been waiting for. Save 30% today. #1 rated in its category, backed by 25,000 five-star reviews. Start your free trial — no credit card, cancel anytime. The secret pros use. Quality you can trust.",Home & Garden,0.018403,179815,0,3,2,3,2,1
"The wireless headphones you've been waiting for. A smarter choice. Highly rated. Unbeatable price. Start your free trial — no credit card, cancel anytime. While supplies last. You'll want to see this.",Consumer Electronics,0.020421,111286,1,1,0,3,1,3
"The training program you've been waiting for. Great value. Premium craftsmanship. 48-hour flash sale. Shop now. Trusted by 10,000+ buyers. The secret pros use.",Fitness,0.020044,97990,3,2,0,1,2,0
The credit card you've been waiting for. Save on your order. Lowest price guaranteed. You'll want to see this. A customer favorite. Start your free trial. Final hours.,Finance / Fintech,0.012019,170848,2,1,1,2,1,3
"The coffee subscription you've been waiting for. Don't miss out. Claim your discount. Save on your order. The counterintuitive trick that doubled our results. Lowest price guaranteed. Join 50,000 happy customers.",Food & Beverage,0.026387,27266,1,2,1,2,3,3
"The credit card you've been waiting for. Save on your order. The luxury standard. Here's why it works. Start your free trial — no credit card, cancel anytime. Final hours.",Finance / Fintech,0.011459,67920,2,0,1,3,1,0
"The garden kit you've been waiting for. Only 24 hours left. The counterintuitive trick that doubled our results. Trusted by 10,000+ buyers. Save $75 instantly and get free shipping over $50. Quality you can trust. Claim your discount.",Home & Garden,0.019384,79985,2,2,3,2,3,1
"The unlimited data plan you've been waiting for. Premium craftsmanship. Shop the collection. Trusted by 10,000+ buyers. You'll want to see this. Start your free trial. Cut your bill by half.",Telecom,0.008552,191540,0,2,2,2,1,0
"The monthly donation you've been waiting for. The counterintuitive trick that doubled our results. Trusted by 10,000+ buyers. Budget-friendly. Start your free trial — no credit card, cancel anytime. Available now. Save 30% today.",Nonprofit,0.015273,172587,0,2,2,3,3,2
"The designer watch you've been waiting for. Real savings inside. Premium craftsmanship. While supplies last. The counterintuitive trick that doubled our results. Trusted by 10,000+ buyers.",Luxury Goods,0.007386,171200,1,2,1,0,3,0
"The monthly donation you've been waiting for. Learn more. Join 50,000 happy customers. What nobody tells you about. Affordable for everyone. Save 30% today.",Nonprofit,0.015514,152828,0,2,2,0,2,2
"The wireless headphones you've been waiting for. Great value. Trusted by 10,000+ buyers. Don't miss out. Premium craftsmanship. The counterintuitive trick that doubled our results. Start your free trial — no credit card, cancel anytime.",Consumer Electronics,0.018565,116141,1,2,0,3,3,0
"The coffee subscription you've been waiting for. Save $75 instantly and get free shipping over $50. What nobody tells you about. Start your free trial — no credit card, cancel anytime. While supplies last. #1 rated in its category, backed by 25,000 five-star reviews. Premium craftsmanship.",Food & Beverage,0.025304,99308,1,3,3,3,2,0
The unlimited data plan you've been waiting for. Available now. Great value. Highly rated. The counterintuitive trick that doubled our results. Get started. Quality you can trust.,Telecom,0.008342,13248,0,1,0,1,3,1
"The downtown condo you've been waiting for. Save on your order. #1 rated in its category, backed by 25,000 five-star reviews. Quality you can trust. Don't miss out. The counterintuitive trick that doubled our results. Start your free trial — no credit card, cancel anytime.",Real Estate,0.008344,135452,1,3,1,3,3,1
The grain-free pet food you've been waiting for. Try it today. Budget-friendly. Real savings inside. Today only. What nobody tells you about. Rated 4.8/5 by thousands.,Pet Care,0.02817,107967,2,2,1,1,2,2
"The insurance plan you've been waiting for. Try it today. Trusted by 10,000+ buyers. A new product. Quality you can trust. Real savings inside. Only 24 hours left.",Insurance,0.006631,138644,2,2,1,1,0,1
"The sneakers you've been waiting for. Save $75 instantly and get free shipping over $50. Premium craftsmanship. Ends soon. A customer favorite. Start your free trial — no credit card, cancel anytime.",E-commerce Fashion,0.022514,125029,1,1,3,3,0,0
"The family sedan you've been waiting for. Affordable for everyone. Save on your order. Start your free trial — no credit card, cancel anytime. You'll want to see this. Ends at midnight tonight.",Automotive,0.010014,125361,3,0,1,3,1,2
The family sedan you've been waiting for. The secret pros use. Quality you can trust. Shop the collection. A smarter choice. Get started.,Automotive,0.005109,94749,0,0,0,1,2,1
The daily supplements you've been waiting for. Shop now. Ends soon. Save on your order. Loved by customers. Budget-friendly. A new product.,Health & Wellness,0.015482,57298,1,1,1,1,0,2
The online course you've been waiting for. Great value. Quality you can trust. You'll want to see this. Loved by customers. Grab yours now. Don't miss out.,Education / e-Learning,0.012465,87886,1,1,0,2,1,1
The credit card you've been waiting for. The secret pros use. Save $75 instantly and get free shipping over $50. Budget-friendly. Shop the collection. Grab yours now.,Finance / Fintech,0.014268,111665,0,0,3,2,2,2
"The sneakers you've been waiting for. Save $75 instantly and get free shipping over $50. Last chance. Trusted by 10,000+ buyers. Budget-friendly. You'll want to see this. Shop now.",E-commerce Fashion,0.026587,109425,2,2,3,1,1,2
The unlimited data plan you've been waiting for. Ends at midnight tonight. Start your free trial. Real savings inside. For everyone. Premium craftsmanship.,Telecom,0.010224,101871,3,0,1,2,0,0
"The software suite you've been waiting for. Trusted by 10,000+ buyers. Start your free trial — no credit card, cancel anytime. The secret pros use. Great value. Lowest price guaranteed. Available now.",SaaS / B2B,0.010092,185020,0,2,0,3,2,3
"The grain-free pet food you've been waiting for. Real savings inside. What nobody tells you about. #1 rated in its category, backed by 25,000 five-star reviews. Lowest price guaranteed. 48-hour flash sale.",Pet Care,0.032191,39572,3,3,1,0,2,3
The designer watch you've been waiting for. A smarter choice. The counterintuitive trick that doubled our results. Lowest price guaranteed. Only 24 hours left.,Luxury Goods,0.009784,176255,2,0,0,0,3,3
The game pass you've been waiting for. Start your free trial. Cut your bill by half. For everyone. Only 24 hours left. The counterintuitive trick that doubled our results. Affordable for everyone.,Gaming,0.032453,117020,2,0,2,2,3,2
"The skincare set you've been waiting for. Lowest price guaranteed. Learn more. The counterintuitive trick that doubled our results. While supplies last. A smarter choice. #1 rated in its category, backed by 25,000 five-star reviews.",Beauty & Cosmetics,0.02932,67448,1,3,0,0,3,3
"The streaming plan you've been waiting for. Only 24 hours left. Affordable for everyone. Save $75 instantly and get free shipping over $50. #1 rated in its category, backed by 25,000 five-star reviews.",Entertainment / Streaming,0.040262,135672,2,3,3,0,0,2
"The wireless headphones you've been waiting for. Save $75 instantly and get free shipping over $50. Rated 4.8/5 by thousands. Start your free trial — no credit card, cancel anytime. Don't miss out. Premium craftsmanship.",Consumer Electronics,0.020372,182560,1,2,3,3,0,0
"The downtown condo you've been waiting for. Quality you can trust. Save $75 instantly and get free shipping over $50. #1 rated in its category, backed by 25,000 five-star reviews. You'll want to see this. 48-hour flash sale.",Real Estate,0.009263,61527,3,3,3,0,1,1
The garden kit you've been waiting for. Don't miss out. For everyone. A smarter choice. Unbeatable price.,Home & Garden,0.014437,151866,1,0,0,0,0,3
The software suite you've been waiting for. The luxury standard. Offer expires today — act now. Get started. Great value. Here's why it works. Highly rated.,SaaS / B2B,0.007715,51339,3,1,0,1,1,0
"The sneakers you've been waiting for. Start your free trial — no credit card, cancel anytime. A smarter choice. #1 rated in its category, backed by 25,000 five-star reviews. Final hours. Here's why it works. Quality you can trust.",E-commerce Fashion,0.024175,72478,2,3,0,3,1,1
The training program you've been waiting for. Shop now. Available now. Save 30% today. Lowest price guaranteed. Highly rated. The counterintuitive trick that doubled our results.,Fitness,0.024171,158884,0,1,2,1,3,3
The grain-free pet food you've been waiting for. Don't miss out. Budget-friendly. Learn more. Here's why it works. A smarter choice.,Pet Care,0.018408,150407,1,0,0,0,1,2
The sneakers you've been waiting for. Final hours. A smarter choice. Affordable for everyone. For everyone. What nobody tells you about.,E-commerce Fashion,0.018123,20664,2,0,0,0,2,2
"The designer watch you've been waiting for. Real savings inside. While supplies last. Start your free trial — no credit card, cancel anytime. Unbeatable price. Trusted by 10,000+ buyers. A new product.",Luxury Goods,0.013701,68672,1,2,1,3,0,3
The grain-free pet food you've been waiting for. Quality you can trust. Save $75 instantly and get free shipping over $50. Get started. Don't miss out. Highly rated. A new product.,Pet Care,0.022908,77673,1,1,3,1,0,1
"The unlimited data plan you've been waiting for. #1 rated in its category, backed by 25,000 five-star reviews. 48-hour flash sale. The luxury standard. A new product. Start your free trial — no credit card, cancel anytime. Save on your order.",Telecom,0.013285,152811,3,3,1,3,0,0
The credit card you've been waiting for. Get 40% off. Available now. Lowest price guaranteed.,Finance / Fintech,0.009936,14781,0,0,2,0,0,3
"The game pass you've been waiting for. Real savings inside. The secret pros use. Offer expires today — act now. #1 rated in its category, backed by 25,000 five-star reviews. Grab yours now. The luxury standard.",Gaming,0.035996,127772,3,3,1,2,2,0
"The unlimited data plan you've been waiting for. Save on your order. #1 rated in its category, backed by 25,000 five-star reviews. Start your free trial — no credit card, cancel anytime. The secret pros use. Budget-friendly. Available now.",Telecom,0.014081,9853,0,3,1,3,2,2
"The game pass you've been waiting for. What nobody tells you about. Try it today. Unbeatable price. A smarter choice. Trusted by 10,000+ buyers. Shop the collection.",Gaming,0.033033,70163,0,2,0,1,2,3
"The family sedan you've been waiting for. Loved by customers. Save $75 instantly and get free shipping over $50. Start your free trial — no credit card, cancel anytime. The counterintuitive trick that doubled our results. Premium craftsmanship. Available now.",Automotive,0.007458,122645,0,1,3,3,3,0
"The game pass you've been waiting for. Premium craftsmanship. A new product. #1 rated in its category, backed by 25,000 five-star reviews. Get 40% off. Start your free trial — no credit card, cancel anytime. Final hours.",Gaming,0.035364,199729,2,3,2,3,0,0
"The getaway package you've been waiting for. #1 rated in its category, backed by 25,000 five-star reviews. Grab yours now. A new product. Ends soon. Quality you can trust. Save on your order.",Travel & Hospitality,0.016769,182445,1,3,1,2,0,1
"The daily supplements you've been waiting for. Quality you can trust. Save $75 instantly and get free shipping over $50. Join 50,000 happy customers. The counterintuitive trick that doubled our results. 48-hour flash sale. Shop now.",Health & Wellness,0.024002,76920,3,2,3,1,3,1
The software suite you've been waiting for. Highly rated. While supplies last. Unbeatable price. Save 30% today. The counterintuitive trick that doubled our results. Shop now.,SaaS / B2B,0.010983,113954,1,1,2,1,3,3
"The game pass you've been waiting for. The luxury standard. Start your free trial — no credit card, cancel anytime. Last chance. Join 50,000 happy customers. A smarter choice.",Gaming,0.028658,178756,2,2,0,3,0,0
"The software suite you've been waiting for. The luxury standard. Great value. 48-hour flash sale. Get started. #1 rated in its category, backed by 25,000 five-star reviews. The counterintuitive trick that doubled our results.",SaaS / B2B,0.010226,36954,3,3,0,1,3,0
The skincare set you've been waiting for. Final hours. The counterintuitive trick that doubled our results. Unbeatable price. Save on your order. Rated 4.8/5 by thousands.,Beauty & Cosmetics,0.029397,53924,2,2,1,0,3,3
"The training program you've been waiting for. Rated 4.8/5 by thousands. Start your free trial — no credit card, cancel anytime. Save $75 instantly and get free shipping over $50. A new product. Lowest price guaranteed. Offer expires today — act now.",Fitness,0.040349,147173,3,2,3,3,0,3
The skincare set you've been waiting for. A smarter choice. Here's why it works. Lowest price guaranteed. Only 24 hours left. Grab yours now.,Beauty & Cosmetics,0.024112,123230,2,0,0,2,1,3
The downtown condo you've been waiting for. The secret pros use. Grab yours now. Real savings inside. While supplies last. Quality you can trust.,Real Estate,0.006662,146765,1,0,1,2,2,1
The skincare set you've been waiting for. A customer favorite. Learn more. Premium craftsmanship. What nobody tells you about. Great value. Last chance.,Beauty & Cosmetics,0.017729,89215,2,1,0,0,2,0
The online course you've been waiting for. The counterintuitive trick that doubled our results. Great value. Quality you can trust. Highly rated. Grab yours now. Offer expires today — act now.,Education / e-Learning,0.016975,13113,3,1,0,2,3,1
"The wireless headphones you've been waiting for. You'll want to see this. Start your free trial — no credit card, cancel anytime. Affordable for everyone. Great value. 48-hour flash sale. A customer favorite.",Consumer Electronics,0.022016,185103,3,1,0,3,1,2
The skincare set you've been waiting for. Quality you can trust. A new product. While supplies last. Save 30% today. Highly rated.,Beauty & Cosmetics,0.02267,180018,1,1,2,0,0,1
The family sedan you've been waiting for. The luxury standard. What nobody tells you about. Get 40% off. A customer favorite. Grab yours now. 48-hour flash sale.,Automotive,0.010805,180237,3,1,2,2,2,0
The monthly donation you've been waiting for. Rated 4.8/5 by thousands. Lowest price guaranteed. Get started. You'll want to see this. Save $75 instantly and get free shipping over $50. Last chance.,Nonprofit,0.018942,147904,2,2,3,1,1,3
"The daily supplements you've been waiting for. Available now. Save on your order. Affordable for everyone. The secret pros use. Start your free trial. #1 rated in its category, backed by 25,000 five-star reviews.",Health & Wellness,0.016883,97023,0,3,1,2,2,2
The streaming plan you've been waiting for. Affordable for everyone. Save on your order. You'll want to see this. Rated 4.8/5 by thousands. Shop the collection.,Entertainment / Streaming,0.021548,95210,0,2,1,0,1,2
"The downtown condo you've been waiting for. Loved by customers. Start your free trial — no credit card, cancel anytime. You'll want to see this. Budget-friendly. Ends soon. Real savings inside.",Real Estate,0.008775,78120,1,1,1,3,1,2
"The sneakers you've been waiting for. Trusted by 10,000+ buyers. The counterintuitive trick that doubled our results. Save $75 instantly and get free shipping over $50. Offer expires today — act now. Lowest price guaranteed.",E-commerce Fashion,0.031092,56922,3,2,3,0,3,3
The downtown condo you've been waiting for. You'll want to see this. Save $75 instantly and get free shipping over $50. Learn more. Budget-friendly. Don't miss out.,Real Estate,0.0084,176620,1,0,3,0,1,2
"The daily supplements you've been waiting for. Grab yours now. #1 rated in its category, backed by 25,000 five-star reviews. Quality you can trust. Ends soon. Get 40% off.",Health & Wellness,0.017417,47181,1,3,2,2,0,1
The insurance plan you've been waiting for. Save on your order. For everyone. Unbeatable price. The secret pros use. Learn more. Today only.,Insurance,0.00737,101665,2,0,1,0,2,3
The software suite you've been waiting for. Get started. Quality you can trust. Get 40% off. Only 24 hours left. A new product.,SaaS / B2B,0.008296,91129,2,0,2,1,0,1
"The game pass you've been waiting for. Start your free trial — no credit card, cancel anytime. Only 24 hours left. Rated 4.8/5 by thousands. Quality you can trust. Get 40% off.",Gaming,0.037695,138820,2,2,2,3,0,1
"The garden kit you've been waiting for. Only 24 hours left. Cut your bill by half. The counterintuitive trick that doubled our results. Quality you can trust. Start your free trial — no credit card, cancel anytime. Join 50,000 happy customers.",Home & Garden,0.018935,24631,2,2,2,3,3,1
"The family sedan you've been waiting for. Save 30% today. Quality you can trust. Here's why it works. Start your free trial — no credit card, cancel anytime. For everyone. Offer expires today — act now.",Automotive,0.010915,181820,3,0,2,3,1,1
The online course you've been waiting for. Lowest price guaranteed. A new product. Ends soon. Learn more. Real savings inside. For everyone.,Education / e-Learning,0.011881,117549,1,0,1,0,0,3
The family sedan you've been waiting for. The secret pros use. Don't miss out. For everyone. Premium craftsmanship. Start your free trial. Get 40% off.,Automotive,0.006851,188195,1,0,2,2,2,0
The family sedan you've been waiting for. Premium craftsmanship. Rated 4.8/5 by thousands. While supplies last. Real savings inside.,Automotive,0.006572,111299,1,2,1,0,0,0
The unlimited data plan you've been waiting for. Affordable for everyone. What nobody tells you about. Ends at midnight tonight. Rated 4.8/5 by thousands. Save $75 instantly and get free shipping over $50.,Telecom,0.012626,121669,3,2,3,0,2,2
The software suite you've been waiting for. The secret pros use. Get started. Save $75 instantly and get free shipping over $50. Budget-friendly. For everyone. 48-hour flash sale.,SaaS / B2B,0.01166,157471,3,0,3,1,2,2
"The coffee subscription you've been waiting for. Offer expires today — act now. Trusted by 10,000+ buyers. You'll want to see this. Try it today. A smarter choice. Unbeatable price.",Food & Beverage,0.025986,81249,3,2,0,1,1,3
"The training program you've been waiting for. The luxury standard. Get 40% off. Only 24 hours left. Trusted by 10,000+ buyers. Here's why it works.",Fitness,0.021062,16134,2,2,2,0,1,0
The family sedan you've been waiting for. Try it today. Affordable for everyone. Rated 4.8/5 by thousands. A new product. Available now. Save 30% today.,Automotive,0.007915,120545,0,2,2,1,0,2
"The skincare set you've been waiting for. The counterintuitive trick that doubled our results. Lowest price guaranteed. Trusted by 10,000+ buyers. Save on your order. Final hours. Start your free trial — no credit card, cancel anytime.",Beauty & Cosmetics,0.039372,87124,2,2,1,3,3,3
The grain-free pet food you've been waiting for. Budget-friendly. For everyone. Offer expires today — act now. What nobody tells you about. Save 30% today.,Pet Care,0.025717,49563,3,0,2,0,2,2
"The credit card you've been waiting for. Final hours. Start your free trial — no credit card, cancel anytime. Affordable for everyone. What nobody tells you about. Save on your order.",Finance / Fintech,0.011233,175729,2,0,1,3,2,2
"The downtown condo you've been waiting for. Lowest price guaranteed. Save on your order. Claim your discount. Ends soon. Trusted by 10,000+ buyers. Here's why it works.",Real Estate,0.009234,125852,1,2,1,2,1,3
"The grain-free pet food you've been waiting for. #1 rated in its category, backed by 25,000 five-star reviews. Only 24 hours left. Try it today. Great value. Quality you can trust.",Pet Care,0.025131,176071,2,3,0,1,0,1
"The grain-free pet food you've been waiting for. Affordable for everyone. Save $75 instantly and get free shipping over $50. Available now. #1 rated in its category, backed by 25,000 five-star reviews. Here's why it works.",Pet Care,0.027254,79612,0,3,3,0,1,2
"The sneakers you've been waiting for. Loved by customers. The counterintuitive trick that doubled our results. Great value. Start your free trial — no credit card, cancel anytime. Shop the collection. Budget-friendly.",E-commerce Fashion,0.022413,9992,0,1,0,3,3,2
"The getaway package you've been waiting for. Ends at midnight tonight. #1 rated in its category, backed by 25,000 five-star reviews. Save on your order. The secret pros use. Start your free trial — no credit card, cancel anytime. Premium craftsmanship.",Travel & Hospitality,0.019379,195350,3,3,1,3,2,0
"The insurance plan you've been waiting for. The counterintuitive trick that doubled our results. Start your free trial — no credit card, cancel anytime. Save $75 instantly and get free shipping over $50. #1 rated in its category, backed by 25,000 five-star reviews. Premium craftsmanship. Available now.",Insurance,0.007892,96826,0,3,3,3,3,0
"The wireless headphones you've been waiting for. Save $75 instantly and get free shipping over $50. Quality you can trust. Start your free trial — no credit card, cancel anytime. Don't miss out. A new product.",Consumer Electronics,0.018657,29741,1,0,3,3,0,1
The family sedan you've been waiting for. Here's why it works. Learn more. Budget-friendly. Save on your order. Available now. Loved by customers.,Automotive,0.007312,77600,0,1,1,0,1,2
"The sneakers you've been waiting for. Join 50,000 happy customers. What nobody tells you about. Unbeatable price. Shop now. Last chance. Save $75 instantly and get free shipping over $50.",E-commerce Fashion,0.032794,98110,2,2,3,1,2,3
"The grain-free pet food you've been waiting for. Offer expires today — act now. Grab yours now. Join 50,000 happy customers. Save on your order. Affordable for everyone.",Pet Care,0.032207,190445,3,2,1,2,0,2
The unlimited data plan you've been waiting for. Claim your discount. The counterintuitive trick that doubled our results. While supplies last. Highly rated. Lowest price guaranteed. Real savings inside.,Telecom,0.012471,137781,1,1,1,2,3,3
"The garden kit you've been waiting for. Today only. A new product. Cut your bill by half. #1 rated in its category, backed by 25,000 five-star reviews. The luxury standard. Start your free trial.",Home & Garden,0.019455,139810,2,3,2,2,0,0
"The daily supplements you've been waiting for. Quality you can trust. Final hours. The secret pros use. Grab yours now. Trusted by 10,000+ buyers. A smarter choice.",Health & Wellness,0.018223,99015,2,2,0,2,2,1
"The streaming plan you've been waiting for. Start your free trial — no credit card, cancel anytime. Loved by customers. A smarter choice. The secret pros use. Offer expires today — act now. Lowest price guaranteed.",Entertainment / Streaming,0.040339,85651,3,1,0,3,2,3
"The designer watch you've been waiting for. Real savings inside. Here's why it works. #1 rated in its category, backed by 25,000 five-star reviews. Offer expires today — act now. Learn more. Quality you can trust.",Luxury Goods,0.011049,183184,3,3,1,0,1,1
The software suite you've been waiting for. A customer favorite. Available now. Unbeatable price. The counterintuitive trick that doubled our results. Learn more. Save $75 instantly and get free shipping over $50.,SaaS / B2B,0.009492,156560,0,1,3,0,3,3
The coffee subscription you've been waiting for. A smarter choice. Ends at midnight tonight. Premium craftsmanship. The secret pros use. Learn more.,Food & Beverage,0.014855,18806,3,0,0,0,2,0
"The insurance plan you've been waiting for. Start your free trial — no credit card, cancel anytime. #1 rated in its category, backed by 25,000 five-star reviews. What nobody tells you about. Unbeatable price. Shop the collection. Save 30% today.",Insurance,0.009039,90756,0,3,2,3,2,3
The monthly donation you've been waiting for. Lowest price guaranteed. While supplies last. Loved by customers. Save $75 instantly and get free shipping over $50. Claim your discount. A new product.,Nonprofit,0.01457,29106,1,1,3,2,0,3
"The insurance plan you've been waiting for. You'll want to see this. While supplies last. Get started. A smarter choice. Affordable for everyone. Trusted by 10,000+ buyers.",Insurance,0.00679,10034,1,2,0,1,1,2
The coffee subscription you've been waiting for. Save $75 instantly and get free shipping over $50. Affordable for everyone. The secret pros use. Today only. Rated 4.8/5 by thousands.,Food & Beverage,0.024773,35408,2,2,3,0,2,2
"The game pass you've been waiting for. The counterintuitive trick that doubled our results. Start your free trial — no credit card, cancel anytime. Don't miss out. Highly rated. Unbeatable price. Get 40% off.",Gaming,0.044144,2362,1,1,2,3,3,3
The online course you've been waiting for. Save $75 instantly and get free shipping over $50. A customer favorite. Shop now. Quality you can trust. The counterintuitive trick that doubled our results.,Education / e-Learning,0.013615,109207,0,1,3,1,3,1
"The insurance plan you've been waiting for. Shop now. Save $75 instantly and get free shipping over $50. #1 rated in its category, backed by 25,000 five-star reviews. Budget-friendly. A new product. While supplies last.",Insurance,0.008155,168118,1,3,3,1,0,2
The wireless headphones you've been waiting for. For everyone. Unbeatable price. The counterintuitive trick that doubled our results. Save $75 instantly and get free shipping over $50. Shop the collection.,Consumer Electronics,0.022035,157773,0,0,3,0,3,3
The monthly donation you've been waiting for. A new product. Real savings inside. Unbeatable price. Final hours. Loved by customers.,Nonprofit,0.014212,68048,2,1,1,0,0,3
The insurance plan you've been waiting for. Quality you can trust. Shop now. 48-hour flash sale. What nobody tells you about. Save $75 instantly and get free shipping over $50.,Insurance,0.008217,136005,3,0,3,1,2,1
The coffee subscription you've been waiting for. Ends at midnight tonight. The secret pros use. Affordable for everyone. Shop now. A smarter choice. Rated 4.8/5 by thousands.,Food & Beverage,0.023332,34190,3,2,0,1,2,2
"The coffee subscription you've been waiting for. Offer expires today — act now. Unbeatable price. The secret pros use. Save $75 instantly and get free shipping over $50. #1 rated in its category, backed by 25,000 five-star reviews.",Food & Beverage,0.030717,58452,3,3,3,0,2,3
"The training program you've been waiting for. Quality you can trust. Ends at midnight tonight. Real savings inside. #1 rated in its category, backed by 25,000 five-star reviews. The counterintuitive trick that doubled our results.",Fitness,0.025686,74307,3,3,1,0,3,1
"The streaming plan you've been waiting for. The counterintuitive trick that doubled our results. Premium craftsmanship. #1 rated in its category, backed by 25,000 five-star reviews. Ends soon. Great value.",Entertainment / Streaming,0.021006,191510,1,3,0,0,3,0
"The training program you've been waiting for. #1 rated in its category, backed by 25,000 five-star reviews. Affordable for everyone. Available now. Get 40% off. Start your free trial. A new product.",Fitness,0.025856,124310,0,3,2,2,0,2
The unlimited data plan you've been waiting for. Quality you can trust. Ends soon. A new product. Save $75 instantly and get free shipping over $50. Get started. For everyone.,Telecom,0.009221,120285,1,0,3,1,0,1
The designer watch you've been waiting for. Rated 4.8/5 by thousands. Ends soon. The counterintuitive trick that doubled our results. Claim your discount. Save $75 instantly and get free shipping over $50. Budget-friendly.,Luxury Goods,0.014356,14763,1,2,3,2,3,2
The streaming plan you've been waiting for. Great value. Quality you can trust. The counterintuitive trick that doubled our results. Last chance. For everyone.,Entertainment / Streaming,0.02617,158194,2,0,0,0,3,1
The insurance plan you've been waiting for. Get started. Highly rated. What nobody tells you about. Lowest price guaranteed. Great value.,Insurance,0.006053,178970,0,1,0,1,2,3
"The grain-free pet food you've been waiting for. Start your free trial — no credit card, cancel anytime. A customer favorite. Budget-friendly. Here's why it works. Today only. Great value.",Pet Care,0.028575,49731,2,1,0,3,1,2
"The downtown condo you've been waiting for. Premium craftsmanship. Today only. The counterintuitive trick that doubled our results. A smarter choice. #1 rated in its category, backed by 25,000 five-star reviews. Start your free trial — no credit card, cancel anytime.",Real Estate,0.008997,104070,2,3,0,3,3,0
The credit card you've been waiting for. Great value. What nobody tells you about. Grab yours now. Shop the collection. Highly rated. Quality you can trust.,Finance / Fintech,0.010387,32617,0,1,0,2,2,1
The garden kit you've been waiting for. A smarter choice. The luxury standard. For everyone. Shop the collection. You'll want to see this. Shop now.,Home & Garden,0.008033,37634,0,0,0,1,1,0
The downtown condo you've been waiting for. Get 40% off. 48-hour flash sale. The counterintuitive trick that doubled our results. Loved by customers. Premium craftsmanship.,Real Estate,0.007581,85434,3,1,2,0,3,0
The training program you've been waiting for. Only 24 hours left. Loved by customers. The luxury standard. The secret pros use. Great value. Shop now.,Fitness,0.017461,190032,2,1,0,1,2,0
The downtown condo you've been waiting for. Don't miss out. Quality you can trust. What nobody tells you about. For everyone. Learn more. Great value.,Real Estate,0.00523,181726,1,0,0,0,2,1
"The grain-free pet food you've been waiting for. A new product. Start your free trial — no credit card, cancel anytime. Save $75 instantly and get free shipping over $50. Ends at midnight tonight. Quality you can trust. Trusted by 10,000+ buyers.",Pet Care,0.037998,77259,3,2,3,3,0,1
The sneakers you've been waiting for. Premium craftsmanship. Get 40% off. Highly rated. Shop the collection. A new product. Grab yours now.,E-commerce Fashion,0.017626,147981,0,1,2,2,0,0
"The online course you've been waiting for. Save $75 instantly and get free shipping over $50. What nobody tells you about. Shop now. Quality you can trust. Ends at midnight tonight. Join 50,000 happy customers.",Education / e-Learning,0.016636,5922,3,2,3,1,2,1
The unlimited data plan you've been waiting for. Real savings inside. Loved by customers. Grab yours now. Final hours. Quality you can trust.,Telecom,0.011513,84077,2,1,1,2,0,1
The getaway package you've been waiting for. Grab yours now. A customer favorite. Unbeatable price. Ends soon. Save 30% today.,Travel & Hospitality,0.018722,145556,1,1,2,2,0,3
"The sneakers you've been waiting for. A new product. Start your free trial — no credit card, cancel anytime. Don't miss out. Great value. The luxury standard. Loved by customers.",E-commerce Fashion,0.018428,58995,1,1,0,3,0,0
"The software suite you've been waiting for. Final hours. Quality you can trust. Save on your order. Trusted by 10,000+ buyers. You'll want to see this. Start your free trial — no credit card, cancel anytime.",SaaS / B2B,0.010904,174283,2,2,1,3,1,1
"The getaway package you've been waiting for. #1 rated in its category, backed by 25,000 five-star reviews. Here's why it works. Real savings inside. Shop the collection. The luxury standard. Claim your discount.",Travel & Hospitality,0.012985,147652,0,3,1,2,1,0
The garden kit you've been waiting for. Real savings inside. While supplies last. Here's why it works. Budget-friendly. For everyone.,Home & Garden,0.010965,88591,1,0,1,0,1,2
The garden kit you've been waiting for. Unbeatable price. The counterintuitive trick that doubled our results. Today only. Great value. For everyone.,Home & Garden,0.015507,169028,2,0,0,0,3,3
The grain-free pet food you've been waiting for. Rated 4.8/5 by thousands. What nobody tells you about. Real savings inside. 48-hour flash sale. Affordable for everyone. Try it today.,Pet Care,0.02574,188261,3,2,1,1,2,2
The sneakers you've been waiting for. Last chance. A new product. Save on your order. Premium craftsmanship.,E-commerce Fashion,0.016691,67516,2,0,1,0,0,0
The training program you've been waiting for. What nobody tells you about. Rated 4.8/5 by thousands. Affordable for everyone. Shop the collection. Get started. Cut your bill by half.,Fitness,0.02173,169396,0,2,2,1,2,2
"The credit card you've been waiting for. Shop the collection. A smarter choice. Budget-friendly. The secret pros use. Grab yours now. Join 50,000 happy customers.",Finance / Fintech,0.010923,99654,0,2,0,2,2,2
"The online course you've been waiting for. Final hours. Start your free trial — no credit card, cancel anytime. Premium craftsmanship. Save on your order. A customer favorite.",Education / e-Learning,0.013141,118695,2,1,1,3,0,0
"The daily supplements you've been waiting for. Save $75 instantly and get free shipping over $50. #1 rated in its category, backed by 25,000 five-star reviews. A new product. Only 24 hours left. Start your free trial — no credit card, cancel anytime. Quality you can trust.",Health & Wellness,0.022584,55820,2,3,3,3,0,1
"The downtown condo you've been waiting for. Trusted by 10,000+ buyers. Cut your bill by half. Start your free trial — no credit card, cancel anytime. Premium craftsmanship. Ends soon. Here's why it works.",Real Estate,0.006895,24233,1,2,2,3,1,0
"The designer watch you've been waiting for. The counterintuitive trick that doubled our results. Trusted by 10,000+ buyers. Unbeatable price. Start your free trial — no credit card, cancel anytime. A smarter choice.",Luxury Goods,0.01155,124353,0,2,0,3,3,3
"The garden kit you've been waiting for. Premium craftsmanship. Save 30% today. While supplies last. The secret pros use. A customer favorite. Start your free trial — no credit card, cancel anytime.",Home & Garden,0.015179,198467,1,1,2,3,2,0
"The monthly donation you've been waiting for. Final hours. Affordable for everyone. #1 rated in its category, backed by 25,000 five-star reviews. You'll want to see this. Save $75 instantly and get free shipping over $50.",Nonprofit,0.016167,39501,2,3,3,0,1,2
The streaming plan you've been waiting for. Learn more. Save $75 instantly and get free shipping over $50. Affordable for everyone. Here's why it works. Available now. For everyone.,Entertainment / Streaming,0.022974,87204,0,0,3,0,1,2
The credit card you've been waiting for. Start your free trial. Highly rated. A smarter choice. Available now. Affordable for everyone. A new product.,Finance / Fintech,0.011093,92318,0,1,0,2,0,2
"The training program you've been waiting for. The secret pros use. Try it today. Premium craftsmanship. Today only. #1 rated in its category, backed by 25,000 five-star reviews. Save $75 instantly and get free shipping over $50.",Fitness,0.02511,120518,2,3,3,1,2,0
"The online course you've been waiting for. #1 rated in its category, backed by 25,000 five-star reviews. Today only. Quality you can trust. Shop now. Save on your order. You'll want to see this.",Education / e-Learning,0.01423,172271,2,3,1,1,1,1
"The game pass you've been waiting for. Save $75 instantly and get free shipping over $50. #1 rated in its category, backed by 25,000 five-star reviews. 48-hour flash sale. Grab yours now. What nobody tells you about. Affordable for everyone.",Gaming,0.037813,69665,3,3,3,2,2,2
"The sneakers you've been waiting for. Quality you can trust. Rated 4.8/5 by thousands. Available now. Great value. Start your free trial — no credit card, cancel anytime. The counterintuitive trick that doubled our results.",E-commerce Fashion,0.021087,69944,0,2,0,3,3,1
The online course you've been waiting for. Real savings inside. Last chance. Affordable for everyone. You'll want to see this.,Education / e-Learning,0.014293,197332,2,0,1,0,1,2
"The downtown condo you've been waiting for. Start your free trial. The luxury standard. What nobody tells you about. Join 50,000 happy customers. Get 40% off. Shop the collection.",Real Estate,0.007514,36470,0,2,2,2,2,0
"The wireless headphones you've been waiting for. The counterintuitive trick that doubled our results. Save $75 instantly and get free shipping over $50. Start your free trial — no credit card, cancel anytime. Premium craftsmanship. #1 rated in its category, backed by 25,000 five-star reviews. Don't miss out.",Consumer Electronics,0.023399,5870,1,3,3,3,3,0
The family sedan you've been waiting for. What nobody tells you about. Save on your order. For everyone. Quality you can trust. While supplies last. Learn more.,Automotive,0.006917,53979,1,0,1,0,2,1
"The insurance plan you've been waiting for. Last chance. Start your free trial — no credit card, cancel anytime. Quality you can trust. A smarter choice. A customer favorite. What nobody tells you about.",Insurance,0.006808,168932,2,1,0,3,2,1
"The unlimited data plan you've been waiting for. Save on your order. Rated 4.8/5 by thousands. Start your free trial — no credit card, cancel anytime. Ends soon. The counterintuitive trick that doubled our results. Unbeatable price.",Telecom,0.013005,2576,1,2,1,3,3,3
"The coffee subscription you've been waiting for. You'll want to see this. #1 rated in its category, backed by 25,000 five-star reviews. Quality you can trust. Ends at midnight tonight. Shop now. Cut your bill by half.",Food & Beverage,0.024371,195623,3,3,2,1,1,1
The software suite you've been waiting for. Try it today. What nobody tells you about. Lowest price guaranteed. A customer favorite. Save $75 instantly and get free shipping over $50. Ends soon.,SaaS / B2B,0.012524,7573,1,1,3,1,2,3
The coffee subscription you've been waiting for. Don't miss out. Save $75 instantly and get free shipping over $50. Grab yours now. Loved by customers. Quality you can trust. The secret pros use.,Food & Beverage,0.022627,63272,1,1,3,2,2,1
"The training program you've been waiting for. The counterintuitive trick that doubled our results. 48-hour flash sale. Shop now. #1 rated in its category, backed by 25,000 five-star reviews. Unbeatable price. Get 40% off.",Fitness,0.029891,47231,3,3,2,1,3,3
The game pass you've been waiting for. Save 30% today. Offer expires today — act now. The counterintuitive trick that doubled our results. Quality you can trust. Learn more. Loved by customers.,Gaming,0.030505,53174,3,1,2,0,3,1
"The training program you've been waiting for. You'll want to see this. Learn more. Lowest price guaranteed. Great value. #1 rated in its category, backed by 25,000 five-star reviews. Final hours.",Fitness,0.022267,34472,2,3,0,0,1,3
The getaway package you've been waiting for. For everyone. Lowest price guaranteed. Today only. A new product. Save $75 instantly and get free shipping over $50. Shop now.,Travel & Hospitality,0.015305,95431,2,0,3,1,0,3
The getaway package you've been waiting for. The luxury standard. Shop now. What nobody tells you about. Ends at midnight tonight. Get 40% off.,Travel & Hospitality,0.01608,142498,3,0,2,1,2,0
The unlimited data plan you've been waiting for. Premium craftsmanship. Don't miss out. What nobody tells you about. A smarter choice.,Telecom,0.006257,190156,1,0,0,0,2,0
"The designer watch you've been waiting for. Learn more. #1 rated in its category, backed by 25,000 five-star reviews. Real savings inside. 48-hour flash sale. Lowest price guaranteed.",Luxury Goods,0.010327,67727,3,3,1,0,0,3
"The streaming plan you've been waiting for. Don't miss out. You'll want to see this. Get started. Unbeatable price. Trusted by 10,000+ buyers. Real savings inside.",Entertainment / Streaming,0.032087,109653,1,2,1,1,1,3
The grain-free pet food you've been waiting for. Highly rated. Today only. Affordable for everyone. Get 40% off. What nobody tells you about.,Pet Care,0.02612,116940,2,1,2,0,2,2
"The garden kit you've been waiting for. Claim your discount. Ends at midnight tonight. Trusted by 10,000+ buyers. Quality you can trust. Here's why it works. Great value.",Home & Garden,0.017621,5473,3,2,0,2,1,1
The skincare set you've been waiting for. Last chance. A customer favorite. Premium craftsmanship. Save on your order. The counterintuitive trick that doubled our results.,Beauty & Cosmetics,0.021913,109608,2,1,1,0,3,0
"The family sedan you've been waiting for. Get 40% off. You'll want to see this. While supplies last. Affordable for everyone. #1 rated in its category, backed by 25,000 five-star reviews. Start your free trial.",Automotive,0.010373,26069,1,3,2,2,1,2
The grain-free pet food you've been waiting for. The counterintuitive trick that doubled our results. Rated 4.8/5 by thousands. Quality you can trust. Start your free trial. Last chance. Cut your bill by half.,Pet Care,0.029854,184599,2,2,2,2,3,1
"The software suite you've been waiting for. Final hours. Lowest price guaranteed. Cut your bill by half. The secret pros use. #1 rated in its category, backed by 25,000 five-star reviews.",SaaS / B2B,0.012224,142198,2,3,2,0,2,3
"The garden kit you've been waiting for. Premium craftsmanship. Start your free trial — no credit card, cancel anytime. The secret pros use. Don't miss out. Get 40% off. A customer favorite.",Home & Garden,0.017994,166080,1,1,2,3,2,0
"The streaming plan you've been waiting for. You'll want to see this. Get started. Join 50,000 happy customers. While supplies last. Premium craftsmanship. Cut your bill by half.",Entertainment / Streaming,0.024137,194093,1,2,2,1,1,0
The family sedan you've been waiting for. Quality you can trust. A customer favorite. Here's why it works. Get started. Cut your bill by half. Ends at midnight tonight.,Automotive,0.01034,166876,3,1,2,1,1,1
The monthly donation you've been waiting for. The secret pros use. A smarter choice. Premium craftsmanship. Try it today. 48-hour flash sale.,Nonprofit,0.011149,21770,3,0,0,1,2,0
"The software suite you've been waiting for. Quality you can trust. A new product. Start your free trial. Great value. Last chance. Trusted by 10,000+ buyers.",SaaS / B2B,0.009474,199884,2,2,0,2,0,1
"The designer watch you've been waiting for. Save $75 instantly and get free shipping over $50. Last chance. Start your free trial — no credit card, cancel anytime. Quality you can trust. A new product. Join 50,000 happy customers.",Luxury Goods,0.012004,143391,2,2,3,3,0,1
The coffee subscription you've been waiting for. The luxury standard. Great value. Shop now. The secret pros use. Ends at midnight tonight. A customer favorite.,Food & Beverage,0.020148,14038,3,1,0,1,2,0
"The downtown condo you've been waiting for. Start your free trial — no credit card, cancel anytime. The luxury standard. The secret pros use. #1 rated in its category, backed by 25,000 five-star reviews. Available now. Save on your order.",Real Estate,0.007202,47572,0,3,1,3,2,0
"The sneakers you've been waiting for. Final hours. The secret pros use. A customer favorite. Budget-friendly. Start your free trial — no credit card, cancel anytime. Real savings inside.",E-commerce Fashion,0.025902,171890,2,1,1,3,2,2
"The streaming plan you've been waiting for. #1 rated in its category, backed by 25,000 five-star reviews. What nobody tells you about. Try it today. Save $75 instantly and get free shipping over $50. Available now. The luxury standard.",Entertainment / Streaming,0.027521,131777,0,3,3,1,2,0
The insurance plan you've been waiting for. The secret pros use. Quality you can trust. Loved by customers. Available now. Get 40% off.,Insurance,0.005169,123950,0,1,2,0,2,1
"The monthly donation you've been waiting for. Affordable for everyone. Save 30% today. #1 rated in its category, backed by 25,000 five-star reviews. Start your free trial — no credit card, cancel anytime. What nobody tells you about.",Nonprofit,0.015092,125694,0,3,2,3,2,2
"The garden kit you've been waiting for. Join 50,000 happy customers. The counterintuitive trick that doubled our results. Budget-friendly. Shop the collection. Get 40% off.",Home & Garden,0.015195,191595,0,2,2,0,3,2
The garden kit you've been waiting for. Grab yours now. For everyone. Offer expires today — act now. Affordable for everyone. Save $75 instantly and get free shipping over $50. The counterintuitive trick that doubled our results.,Home & Garden,0.023483,67005,3,0,3,2,3,2
The garden kit you've been waiting for. Affordable for everyone. The counterintuitive trick that doubled our results. Great value. Don't miss out. Learn more. A customer favorite.,Home & Garden,0.014402,57735,1,1,0,0,3,2
The training program you've been waiting for. A new product. For everyone. Shop now. Available now. Budget-friendly. Save on your order.,Fitness,0.014745,132515,0,0,1,1,0,2
"The streaming plan you've been waiting for. Save $75 instantly and get free shipping over $50. The luxury standard. The secret pros use. Trusted by 10,000+ buyers. Get started. Shop the collection.",Entertainment / Streaming,0.025353,109047,0,2,3,1,2,0
"The streaming plan you've been waiting for. Here's why it works. Save 30% today. Last chance. Start your free trial — no credit card, cancel anytime. #1 rated in its category, backed by 25,000 five-star reviews. Affordable for everyone.",Entertainment / Streaming,0.042122,152919,2,3,2,3,1,2
The downtown condo you've been waiting for. Great value. While supplies last. What nobody tells you about. Premium craftsmanship. Loved by customers.,Real Estate,0.005271,33718,1,1,0,0,2,0
"The coffee subscription you've been waiting for. Save on your order. Shop the collection. Start your free trial — no credit card, cancel anytime. Quality you can trust.",Food & Beverage,0.01521,60886,0,0,1,3,0,1
"The skincare set you've been waiting for. Start your free trial — no credit card, cancel anytime. The luxury standard. Join 50,000 happy customers. Great value. Here's why it works. Today only.",Beauty & Cosmetics,0.025056,70734,2,2,0,3,1,0
The daily supplements you've been waiting for. Great value. Highly rated. Lowest price guaranteed. Shop the collection. Learn more.,Health & Wellness,0.014994,188909,0,1,0,0,0,3
The unlimited data plan you've been waiting for. Save $75 instantly and get free shipping over $50. The counterintuitive trick that doubled our results. Claim your discount. Lowest price guaranteed. For everyone. Last chance.,Telecom,0.014657,119596,2,0,3,2,3,3
"The coffee subscription you've been waiting for. Great value. Unbeatable price. Ends soon. Start your free trial — no credit card, cancel anytime. Here's why it works.",Food & Beverage,0.021953,144361,1,0,0,3,1,3
The unlimited data plan you've been waiting for. Claim your discount. You'll want to see this. Available now. For everyone. Quality you can trust. Save $75 instantly and get free shipping over $50.,Telecom,0.0101,133424,0,0,3,2,1,1
The monthly donation you've been waiting for. Great value. Highly rated. Offer expires today — act now. Quality you can trust. You'll want to see this. Start your free trial.,Nonprofit,0.015141,96297,3,1,0,2,1,1
"The insurance plan you've been waiting for. The counterintuitive trick that doubled our results. Trusted by 10,000+ buyers. Start your free trial — no credit card, cancel anytime. Don't miss out. Quality you can trust. A smarter choice.",Insurance,0.00686,73004,1,2,0,3,3,1
"The monthly donation you've been waiting for. Quality you can trust. Save $75 instantly and get free shipping over $50. The counterintuitive trick that doubled our results. Offer expires today — act now. Start your free trial — no credit card, cancel anytime. Loved by customers.",Nonprofit,0.017184,44994,3,1,3,3,3,1
"The daily supplements you've been waiting for. Start your free trial — no credit card, cancel anytime. What nobody tells you about. Today only. Cut your bill by half. Premium craftsmanship. For everyone.",Health & Wellness,0.017684,134174,2,0,2,3,2,0
"The streaming plan you've been waiting for. 48-hour flash sale. #1 rated in its category, backed by 25,000 five-star reviews. Cut your bill by half. The secret pros use. Lowest price guaranteed.",Entertainment / Streaming,0.04418,97446,3,3,2,0,2,3
The sneakers you've been waiting for. Quality you can trust. Start your free trial. Loved by customers. Save on your order.,E-commerce Fashion,0.019057,185383,0,1,1,2,0,1
"The credit card you've been waiting for. Final hours. Lowest price guaranteed. You'll want to see this. Save 30% today. #1 rated in its category, backed by 25,000 five-star reviews. Start your free trial.",Finance / Fintech,0.016579,171171,2,3,2,2,1,3
The downtown condo you've been waiting for. Save on your order. Try it today. Quality you can trust. The counterintuitive trick that doubled our results.,Real Estate,0.00598,15480,0,0,1,1,3,1
"The training program you've been waiting for. Ends soon. Affordable for everyone. Save $75 instantly and get free shipping over $50. Learn more. The counterintuitive trick that doubled our results. #1 rated in its category, backed by 25,000 five-star reviews.",Fitness,0.025444,163108,1,3,3,0,3,2
"The insurance plan you've been waiting for. 48-hour flash sale. Quality you can trust. What nobody tells you about. Learn more. Join 50,000 happy customers. Great value.",Insurance,0.006706,144887,3,2,0,0,2,1
"The sneakers you've been waiting for. Grab yours now. Premium craftsmanship. Trusted by 10,000+ buyers. Save on your order. You'll want to see this. Shop the collection.",E-commerce Fashion,0.018287,42433,0,2,1,2,1,0
"The designer watch you've been waiting for. Lowest price guaranteed. The secret pros use. Start your free trial. Save $75 instantly and get free shipping over $50. #1 rated in its category, backed by 25,000 five-star reviews. While supplies last.",Luxury Goods,0.016734,143788,1,3,3,2,2,3
"The credit card you've been waiting for. A new product. Shop the collection. Save on your order. Unbeatable price. For everyone. Start your free trial — no credit card, cancel anytime.",Finance / Fintech,0.01162,120408,0,0,1,3,0,3
"The sneakers you've been waiting for. Don't miss out. Save $75 instantly and get free shipping over $50. A new product. Trusted by 10,000+ buyers. Learn more. Budget-friendly.",E-commerce Fashion,0.026707,197935,1,2,3,0,0,2
The online course you've been waiting for. Only 24 hours left. Claim your discount. Affordable for everyone. Rated 4.8/5 by thousands. Great value. The counterintuitive trick that doubled our results.,Education / e-Learning,0.015776,3826,2,2,0,2,3,2
"The skincare set you've been waiting for. 48-hour flash sale. Join 50,000 happy customers. Claim your discount. Here's why it works. Quality you can trust. Save on your order.",Beauty & Cosmetics,0.030114,21297,3,2,1,2,1,1
The grain-free pet food you've been waiting for. For everyone. Cut your bill by half. Today only. The counterintuitive trick that doubled our results. Unbeatable price.,Pet Care,0.025412,143625,2,0,2,0,3,3
The online course you've been waiting for. Learn more. Here's why it works. Highly rated. Save 30% today. The luxury standard.,Education / e-Learning,0.009972,13543,0,1,2,0,1,0
"The insurance plan you've been waiting for. #1 rated in its category, backed by 25,000 five-star reviews. Ends at midnight tonight. What nobody tells you about. Budget-friendly. Great value. Start your free trial — no credit card, cancel anytime.",Insurance,0.008598,178471,3,3,0,3,2,2
"The designer watch you've been waiting for. Available now. Trusted by 10,000+ buyers. Save $75 instantly and get free shipping over $50. Budget-friendly. Claim your discount.",Luxury Goods,0.010141,121074,0,2,3,2,0,2
The skincare set you've been waiting for. What nobody tells you about. Today only. Premium craftsmanship. Great value. For everyone.,Beauty & Cosmetics,0.016357,26463,2,0,0,0,2,0
"The daily supplements you've been waiting for. Premium craftsmanship. Here's why it works. Real savings inside. Start your free trial — no credit card, cancel anytime. #1 rated in its category, backed by 25,000 five-star reviews.",Health & Wellness,0.015807,192353,0,3,1,3,1,0
"The downtown condo you've been waiting for. Start your free trial — no credit card, cancel anytime. You'll want to see this. Save $75 instantly and get free shipping over $50. Loved by customers. Budget-friendly. Last chance.",Real Estate,0.010902,10824,2,1,3,3,1,2
The sneakers you've been waiting for. The counterintuitive trick that doubled our results. Save $75 instantly and get free shipping over $50. Loved by customers. Ends soon. Shop now. Premium craftsmanship.,E-commerce Fashion,0.021363,27321,1,1,3,1,3,0
"The family sedan you've been waiting for. Save on your order. Learn more. Join 50,000 happy customers. Quality you can trust. Here's why it works. While supplies last.",Automotive,0.006323,149380,1,2,1,0,1,1
The insurance plan you've been waiting for. For everyone. Offer expires today — act now. What nobody tells you about. Premium craftsmanship. Great value. Learn more.,Insurance,0.004036,2645,3,0,0,0,2,0
"The insurance plan you've been waiting for. Lowest price guaranteed. A new product. 48-hour flash sale. Save on your order. Claim your discount. Join 50,000 happy customers.",Insurance,0.008665,142852,3,2,1,2,0,3
"The insurance plan you've been waiting for. Start your free trial — no credit card, cancel anytime. The counterintuitive trick that doubled our results. The luxury standard. Loved by customers. Final hours. Great value.",Insurance,0.006318,52644,2,1,0,3,3,0
"The software suite you've been waiting for. Real savings inside. The secret pros use. #1 rated in its category, backed by 25,000 five-star reviews. Shop now. Premium craftsmanship. Offer expires today — act now.",SaaS / B2B,0.010008,33028,3,3,1,1,2,0
"The monthly donation you've been waiting for. Save $75 instantly and get free shipping over $50. The luxury standard. Join 50,000 happy customers. Claim your discount. You'll want to see this. Don't miss out.",Nonprofit,0.011498,21072,1,2,3,2,1,0
"The unlimited data plan you've been waiting for. #1 rated in its category, backed by 25,000 five-star reviews. Only 24 hours left. What nobody tells you about. Affordable for everyone. Learn more. A smarter choice.",Telecom,0.012349,145979,2,3,0,0,2,2
"The insurance plan you've been waiting for. A smarter choice. Try it today. Trusted by 10,000+ buyers. Quality you can trust. Shop the collection.",Insurance,0.004955,109420,0,2,0,1,0,1
The monthly donation you've been waiting for. Real savings inside. What nobody tells you about. Shop the collection. Grab yours now. Unbeatable price.,Nonprofit,0.01314,148641,0,0,1,2,2,3
"The training program you've been waiting for. #1 rated in its category, backed by 25,000 five-star reviews. A smarter choice. The counterintuitive trick that doubled our results. Today only. Affordable for everyone.",Fitness,0.022452,153218,2,3,0,0,3,2
"The grain-free pet food you've been waiting for. Trusted by 10,000+ buyers. Budget-friendly. Final hours. Get started. You'll want to see this. Save $75 instantly and get free shipping over $50.",Pet Care,0.030679,123417,2,2,3,1,1,2
"The training program you've been waiting for. Unbeatable price. Don't miss out. You'll want to see this. Start your free trial. A smarter choice. #1 rated in its category, backed by 25,000 five-star reviews.",Fitness,0.024604,31080,1,3,0,2,1,3
"The garden kit you've been waiting for. Start your free trial — no credit card, cancel anytime. The secret pros use. Great value. Unbeatable price.",Home & Garden,0.016991,66381,0,0,0,3,2,3
"The game pass you've been waiting for. Don't miss out. Get started. What nobody tells you about. Save $75 instantly and get free shipping over $50. Trusted by 10,000+ buyers. Quality you can trust.",Gaming,0.031632,93176,1,2,3,1,2,1
The game pass you've been waiting for. Rated 4.8/5 by thousands. Real savings inside. Quality you can trust. Claim your discount. Offer expires today — act now. The counterintuitive trick that doubled our results.,Gaming,0.039411,116806,3,2,1,2,3,1
The online course you've been waiting for. Shop the collection. Highly rated. Great value. Unbeatable price.,Education / e-Learning,0.011174,84382,0,1,0,0,0,3
"The designer watch you've been waiting for. #1 rated in its category, backed by 25,000 five-star reviews. The luxury standard. The secret pros use. Save $75 instantly and get free shipping over $50. Start your free trial — no credit card, cancel anytime. 48-hour flash sale.",Luxury Goods,0.016059,32824,3,3,3,3,2,0
The game pass you've been waiting for. The counterintuitive trick that doubled our results. For everyone. Try it today. Save $75 instantly and get free shipping over $50. 48-hour flash sale. Budget-friendly.,Gaming,0.033457,39671,3,0,3,1,3,2
"The designer watch you've been waiting for. Ends at midnight tonight. The counterintuitive trick that doubled our results. Lowest price guaranteed. Cut your bill by half. Trusted by 10,000+ buyers. Learn more.",Luxury Goods,0.012666,187171,3,2,2,0,3,3
The streaming plan you've been waiting for. Shop now. Budget-friendly. For everyone. Cut your bill by half. The counterintuitive trick that doubled our results.,Entertainment / Streaming,0.023163,35597,0,0,2,1,3,2
The downtown condo you've been waiting for. Here's why it works. A customer favorite. Save $75 instantly and get free shipping over $50. Start your free trial. Only 24 hours left. Quality you can trust.,Real Estate,0.009186,71006,2,1,3,2,1,1
"The downtown condo you've been waiting for. Lowest price guaranteed. Get started. Available now. Here's why it works. #1 rated in its category, backed by 25,000 five-star reviews. Save on your order.",Real Estate,0.008465,91647,0,3,1,1,1,3
"The game pass you've been waiting for. Budget-friendly. Start your free trial — no credit card, cancel anytime. Great value. The counterintuitive trick that doubled our results. Only 24 hours left. Rated 4.8/5 by thousands.",Gaming,0.033744,72317,2,2,0,3,3,2
The coffee subscription you've been waiting for. The secret pros use. A smarter choice. Get started. For everyone. Budget-friendly. While supplies last.,Food & Beverage,0.019175,163733,1,0,0,1,2,2
"The unlimited data plan you've been waiting for. The counterintuitive trick that doubled our results. While supplies last. Real savings inside. Unbeatable price. Start your free trial — no credit card, cancel anytime.",Telecom,0.012493,23329,1,0,1,3,3,3
The sneakers you've been waiting for. Learn more. Budget-friendly. Save $75 instantly and get free shipping over $50. You'll want to see this.,E-commerce Fashion,0.019279,170557,0,0,3,0,1,2
The downtown condo you've been waiting for. Don't miss out. Start your free trial. For everyone. The counterintuitive trick that doubled our results. Save $75 instantly and get free shipping over $50. Budget-friendly.,Real Estate,0.007628,179151,1,0,3,2,3,2
The coffee subscription you've been waiting for. For everyone. Try it today. A smarter choice. Lowest price guaranteed. Last chance.,Food & Beverage,0.023585,97455,2,0,0,1,0,3
The garden kit you've been waiting for. Here's why it works. Save on your order. Claim your discount. Budget-friendly. 48-hour flash sale. A customer favorite.,Home & Garden,0.020269,182361,3,1,1,2,1,2
"The software suite you've been waiting for. 48-hour flash sale. Here's why it works. Get 40% off. #1 rated in its category, backed by 25,000 five-star reviews. Learn more. Affordable for everyone.",SaaS / B2B,0.011827,18523,3,3,2,0,1,2
"The garden kit you've been waiting for. Premium craftsmanship. Available now. Start your free trial. What nobody tells you about. Real savings inside. Join 50,000 happy customers.",Home & Garden,0.012447,126692,0,2,1,2,2,0
The credit card you've been waiting for. Today only. Here's why it works. Real savings inside. For everyone. Quality you can trust.,Finance / Fintech,0.01073,27753,2,0,1,0,1,1
The daily supplements you've been waiting for. Only 24 hours left. The counterintuitive trick that doubled our results. For everyone. Grab yours now. Real savings inside. The luxury standard.,Health & Wellness,0.01446,94557,2,0,1,2,3,0
The getaway package you've been waiting for. Affordable for everyone. A smarter choice. Final hours. Here's why it works. Loved by customers. Get started.,Travel & Hospitality,0.016106,62936,2,1,0,1,1,2
The credit card you've been waiting for. For everyone. A smarter choice. Affordable for everyone. Offer expires today — act now. Grab yours now.,Finance / Fintech,0.012115,16700,3,0,0,2,0,2
"The sneakers you've been waiting for. For everyone. 48-hour flash sale. Premium craftsmanship. Save $75 instantly and get free shipping over $50. Start your free trial — no credit card, cancel anytime. You'll want to see this.",E-commerce Fashion,0.025756,27341,3,0,3,3,1,0
The monthly donation you've been waiting for. While supplies last. Claim your discount. Save on your order. The counterintuitive trick that doubled our results. Budget-friendly. Loved by customers.,Nonprofit,0.012107,37275,1,1,1,2,3,2
"The unlimited data plan you've been waiting for. Start your free trial — no credit card, cancel anytime. Save on your order. #1 rated in its category, backed by 25,000 five-star reviews. The luxury standard. You'll want to see this. Only 24 hours left.",Telecom,0.011979,190280,2,3,1,3,1,0
The daily supplements you've been waiting for. Final hours. Start your free trial. Save $75 instantly and get free shipping over $50. The luxury standard.,Health & Wellness,0.015701,33511,2,0,3,2,0,0
The monthly donation you've been waiting for. Great value. Learn more. Ends soon. Affordable for everyone. Here's why it works. For everyone.,Nonprofit,0.009715,90655,1,0,0,0,1,2
The online course you've been waiting for. The luxury standard. The counterintuitive trick that doubled our results. Final hours. Shop now. Real savings inside. A customer favorite.,Education / e-Learning,0.012422,24570,2,1,1,1,3,0
The designer watch you've been waiting for. Real savings inside. Loved by customers. The secret pros use. Ends soon. Quality you can trust. Learn more.,Luxury Goods,0.008063,132897,1,1,1,0,2,1
"The monthly donation you've been waiting for. Here's why it works. Join 50,000 happy customers. Learn more. Save $75 instantly and get free shipping over $50. Quality you can trust. Ends soon.",Nonprofit,0.012181,125040,1,2,3,0,1,1
"The training program you've been waiting for. Affordable for everyone. 48-hour flash sale. #1 rated in its category, backed by 25,000 five-star reviews. What nobody tells you about. Real savings inside.",Fitness,0.029561,181770,3,3,1,0,2,2
The sneakers you've been waiting for. A smarter choice. Available now. What nobody tells you about. Affordable for everyone. A customer favorite.,E-commerce Fashion,0.018039,38921,0,1,0,0,2,2
The designer watch you've been waiting for. Today only. A smarter choice. Here's why it works. A customer favorite. The luxury standard. Start your free trial.,Luxury Goods,0.008035,130869,2,1,0,2,1,0
The grain-free pet food you've been waiting for. Lowest price guaranteed. Get started. Ends soon. Save 30% today. The counterintuitive trick that doubled our results.,Pet Care,0.024811,190173,1,0,2,1,3,3
"The software suite you've been waiting for. Premium craftsmanship. Real savings inside. The counterintuitive trick that doubled our results. Start your free trial — no credit card, cancel anytime. Offer expires today — act now.",SaaS / B2B,0.010713,87846,3,0,1,3,3,0
The designer watch you've been waiting for. Get 40% off. The secret pros use. Last chance. Budget-friendly. Rated 4.8/5 by thousands. Get started.,Luxury Goods,0.012312,168402,2,2,2,1,2,2
"The daily supplements you've been waiting for. Start your free trial — no credit card, cancel anytime. The counterintuitive trick that doubled our results. Great value. Lowest price guaranteed. Ends at midnight tonight.",Health & Wellness,0.022132,133750,3,0,0,3,3,3
"The designer watch you've been waiting for. The counterintuitive trick that doubled our results. Start your free trial — no credit card, cancel anytime. 48-hour flash sale. Lowest price guaranteed. Save on your order. A customer favorite.",Luxury Goods,0.013487,65580,3,1,1,3,3,3
"The skincare set you've been waiting for. Lowest price guaranteed. What nobody tells you about. Start your free trial — no credit card, cancel anytime. Available now. #1 rated in its category, backed by 25,000 five-star reviews. Save $75 instantly and get free shipping over $50.",Beauty & Cosmetics,0.033387,47211,0,3,3,3,2,3
The getaway package you've been waiting for. The counterintuitive trick that doubled our results. Rated 4.8/5 by thousands. Grab yours now. Today only. Quality you can trust. Save on your order.,Travel & Hospitality,0.015106,131264,2,2,1,2,3,1
The streaming plan you've been waiting for. Quality you can trust. Save on your order. Only 24 hours left. A new product.,Entertainment / Streaming,0.023376,112852,2,0,1,0,0,1
"The garden kit you've been waiting for. The counterintuitive trick that doubled our results. Ends soon. Quality you can trust. Start your free trial — no credit card, cancel anytime. For everyone. Save $75 instantly and get free shipping over $50.",Home & Garden,0.019044,71902,1,0,3,3,3,1
"The streaming plan you've been waiting for. Trusted by 10,000+ buyers. Ends soon. The secret pros use. Learn more. A smarter choice. Quality you can trust.",Entertainment / Streaming,0.023194,137442,1,2,0,0,2,1
"The getaway package you've been waiting for. Great value. #1 rated in its category, backed by 25,000 five-star reviews. Start your free trial — no credit card, cancel anytime. Quality you can trust. The secret pros use.",Travel & Hospitality,0.015944,55575,0,3,0,3,2,1
The getaway package you've been waiting for. Shop the collection. Start your free trial. Save $75 instantly and get free shipping over $50. The secret pros use. Quality you can trust.,Travel & Hospitality,0.013472,151415,0,0,3,2,2,1
"The coffee subscription you've been waiting for. The counterintuitive trick that doubled our results. #1 rated in its category, backed by 25,000 five-star reviews. Unbeatable price. Claim your discount. Great value. Offer expires today — act now.",Food & Beverage,0.033595,120371,3,3,0,2,3,3
The streaming plan you've been waiting for. Get 40% off. What nobody tells you about. Available now. Grab yours now. Unbeatable price. A customer favorite.,Entertainment / Streaming,0.034608,50555,0,1,2,2,2,3
"The daily supplements you've been waiting for. Rated 4.8/5 by thousands. The luxury standard. Here's why it works. Don't miss out. Start your free trial — no credit card, cancel anytime. Save $75 instantly and get free shipping over $50.",Health & Wellness,0.019299,53370,1,2,3,3,1,0
"The getaway package you've been waiting for. Lowest price guaranteed. While supplies last. Real savings inside. Start your free trial — no credit card, cancel anytime. A new product. Loved by customers.",Travel & Hospitality,0.017177,78613,1,1,1,3,0,3
"The downtown condo you've been waiting for. #1 rated in its category, backed by 25,000 five-star reviews. The luxury standard. Save on your order. The counterintuitive trick that doubled our results. Claim your discount. Final hours.",Real Estate,0.008752,157971,2,3,1,2,3,0
"The grain-free pet food you've been waiting for. Save $75 instantly and get free shipping over $50. You'll want to see this. Loved by customers. Affordable for everyone. Start your free trial — no credit card, cancel anytime. While supplies last.",Pet Care,0.028534,183940,1,1,3,3,1,2
The skincare set you've been waiting for. Save $75 instantly and get free shipping over $50. Grab yours now. A new product. For everyone. Budget-friendly. Ends soon.,Beauty & Cosmetics,0.030406,56940,1,0,3,2,0,2
The grain-free pet food you've been waiting for. Real savings inside. Don't miss out. Lowest price guaranteed. For everyone. Grab yours now. The counterintuitive trick that doubled our results.,Pet Care,0.026466,175150,1,0,1,2,3,3
The unlimited data plan you've been waiting for. Affordable for everyone. Highly rated. You'll want to see this. Save on your order. Offer expires today — act now. Grab yours now.,Telecom,0.012923,184658,3,1,1,2,1,2
The skincare set you've been waiting for. For everyone. Save 30% today. The luxury standard. Final hours. Get started. The counterintuitive trick that doubled our results.,Beauty & Cosmetics,0.024058,175088,2,0,2,1,3,0
The online course you've been waiting for. Learn more. The counterintuitive trick that doubled our results. The luxury standard. A smarter choice. Ends at midnight tonight. Highly rated.,Education / e-Learning,0.01276,23845,3,1,0,0,3,0
"The insurance plan you've been waiting for. Don't miss out. A smarter choice. Learn more. #1 rated in its category, backed by 25,000 five-star reviews. Quality you can trust.",Insurance,0.005216,187018,1,3,0,0,0,1
"The monthly donation you've been waiting for. Join 50,000 happy customers. Get 40% off. Shop now. Affordable for everyone. Here's why it works. Ends at midnight tonight.",Nonprofit,0.015166,83619,3,2,2,1,1,2
"The insurance plan you've been waiting for. Save on your order. Start your free trial. Available now. #1 rated in its category, backed by 25,000 five-star reviews. Here's why it works. Budget-friendly.",Insurance,0.006313,128106,0,3,1,2,1,2
The credit card you've been waiting for. What nobody tells you about. Premium craftsmanship. Save on your order. Final hours. Highly rated.,Finance / Fintech,0.008874,114073,2,1,1,0,2,0
The family sedan you've been waiting for. Save $75 instantly and get free shipping over $50. While supplies last. Lowest price guaranteed. A new product.,Automotive,0.009289,196946,1,0,3,0,0,3
The garden kit you've been waiting for. Get started. Highly rated. A new product. 48-hour flash sale. Real savings inside. Affordable for everyone.,Home & Garden,0.019198,127501,3,1,1,1,0,2
"The getaway package you've been waiting for. Budget-friendly. The secret pros use. For everyone. Real savings inside. Start your free trial — no credit card, cancel anytime. Ends at midnight tonight.",Travel & Hospitality,0.018645,44311,3,0,1,3,2,2
The getaway package you've been waiting for. The counterintuitive trick that doubled our results. A customer favorite. Shop now. Real savings inside. Ends soon. Lowest price guaranteed.,Travel & Hospitality,0.017127,48393,1,1,1,1,3,3
"The garden kit you've been waiting for. Budget-friendly. #1 rated in its category, backed by 25,000 five-star reviews. The secret pros use. Start your free trial. Save 30% today. Don't miss out.",Home & Garden,0.022931,78525,1,3,2,2,2,2
"The downtown condo you've been waiting for. Ends soon. #1 rated in its category, backed by 25,000 five-star reviews. A new product. Affordable for everyone. Great value. Shop now.",Real Estate,0.00697,68612,1,3,0,1,0,2
The online course you've been waiting for. Grab yours now. Highly rated. Offer expires today — act now. You'll want to see this. Save $75 instantly and get free shipping over $50. Budget-friendly.,Education / e-Learning,0.020325,84871,3,1,3,2,1,2
The coffee subscription you've been waiting for. Learn more. What nobody tells you about. Premium craftsmanship. Save 30% today. Available now.,Food & Beverage,0.015275,163336,0,0,2,0,2,0
The wireless headphones you've been waiting for. Loved by customers. While supplies last. Start your free trial. Save $75 instantly and get free shipping over $50. Quality you can trust. You'll want to see this.,Consumer Electronics,0.020343,199415,1,1,3,2,1,1
"The family sedan you've been waiting for. Last chance. The luxury standard. Save on your order. Start your free trial — no credit card, cancel anytime. Loved by customers. A new product.",Automotive,0.00787,88779,2,1,1,3,0,0
"The coffee subscription you've been waiting for. Start your free trial — no credit card, cancel anytime. Highly rated. Unbeatable price. Here's why it works. Great value. Only 24 hours left.",Food & Beverage,0.02432,126967,2,1,0,3,1,3
The training program you've been waiting for. Shop now. For everyone. Ends at midnight tonight. Budget-friendly. Real savings inside. The counterintuitive trick that doubled our results.,Fitness,0.02638,83638,3,0,1,1,3,2
The downtown condo you've been waiting for. Here's why it works. Save $75 instantly and get free shipping over $50. Try it today. Premium craftsmanship. Don't miss out.,Real Estate,0.005574,45126,1,0,3,1,1,0
"The game pass you've been waiting for. Cut your bill by half. Trusted by 10,000+ buyers. Lowest price guaranteed. Learn more.",Gaming,0.0318,45058,0,2,2,0,0,3
"The downtown condo you've been waiting for. The secret pros use. Affordable for everyone. Available now. Claim your discount. Cut your bill by half. #1 rated in its category, backed by 25,000 five-star reviews.",Real Estate,0.008263,97335,0,3,2,2,2,2
"The grain-free pet food you've been waiting for. Offer expires today — act now. Save $75 instantly and get free shipping over $50. Shop now. #1 rated in its category, backed by 25,000 five-star reviews. Budget-friendly.",Pet Care,0.039721,174549,3,3,3,1,0,2
The software suite you've been waiting for. For everyone. Try it today. The counterintuitive trick that doubled our results. Lowest price guaranteed. Ends soon. Great value.,SaaS / B2B,0.008427,110440,1,0,0,1,3,3
"The daily supplements you've been waiting for. Cut your bill by half. Unbeatable price. The counterintuitive trick that doubled our results. 48-hour flash sale. Start your free trial — no credit card, cancel anytime. Trusted by 10,000+ buyers.",Health & Wellness,0.029533,143528,3,2,2,3,3,3
The downtown condo you've been waiting for. Cut your bill by half. Get started. Ends soon. The counterintuitive trick that doubled our results. Quality you can trust.,Real Estate,0.006512,40624,1,0,2,1,3,1
The online course you've been waiting for. Save $75 instantly and get free shipping over $50. Learn more. For everyone. Quality you can trust. The secret pros use. Offer expires today — act now.,Education / e-Learning,0.014388,179173,3,0,3,0,2,1
The coffee subscription you've been waiting for. For everyone. Don't miss out. Grab yours now. Real savings inside. Affordable for everyone.,Food & Beverage,0.018791,143731,1,0,1,2,0,2
The daily supplements you've been waiting for. A new product. Quality you can trust. Save on your order. Rated 4.8/5 by thousands. Today only.,Health & Wellness,0.014525,71256,2,2,1,0,0,1
The daily supplements you've been waiting for. Start your free trial. Save on your order. Affordable for everyone. For everyone. The secret pros use. Last chance.,Health & Wellness,0.021431,49375,2,0,1,2,2,2
The online course you've been waiting for. Ends soon. Real savings inside. Premium craftsmanship. The secret pros use. Shop now. Loved by customers.,Education / e-Learning,0.013056,146759,1,1,1,1,2,0
"The monthly donation you've been waiting for. Ends at midnight tonight. Real savings inside. Start your free trial — no credit card, cancel anytime. Here's why it works. Unbeatable price. Highly rated.",Nonprofit,0.017961,59505,3,1,1,3,1,3
"The grain-free pet food you've been waiting for. A new product. #1 rated in its category, backed by 25,000 five-star reviews. Shop now. A smarter choice. Affordable for everyone.",Pet Care,0.023248,27637,0,3,0,1,0,2
"The online course you've been waiting for. Affordable for everyone. Ends soon. The secret pros use. Start your free trial — no credit card, cancel anytime. For everyone. Great value.",Education / e-Learning,0.014418,28415,1,0,0,3,2,2
"The skincare set you've been waiting for. Join 50,000 happy customers. A new product. Start your free trial. Save $75 instantly and get free shipping over $50. Available now. Affordable for everyone.",Beauty & Cosmetics,0.027931,192819,0,2,3,2,0,2
"The coffee subscription you've been waiting for. #1 rated in its category, backed by 25,000 five-star reviews. Lowest price guaranteed. Shop the collection. Great value. A new product. Start your free trial — no credit card, cancel anytime.",Food & Beverage,0.024947,176201,0,3,0,3,0,3
"The training program you've been waiting for. Trusted by 10,000+ buyers. Shop now. Cut your bill by half. Ends soon. Premium craftsmanship.",Fitness,0.020154,186013,1,2,2,1,0,0
The coffee subscription you've been waiting for. Start your free trial. 48-hour flash sale. Save 30% today. Quality you can trust. For everyone.,Food & Beverage,0.021659,178546,3,0,2,2,0,1
The coffee subscription you've been waiting for. Save on your order. The secret pros use. Ends soon. Affordable for everyone.,Food & Beverage,0.019411,11079,1,0,1,0,2,2
"The unlimited data plan you've been waiting for. #1 rated in its category, backed by 25,000 five-star reviews. Only 24 hours left. Real savings inside. Premium craftsmanship. The secret pros use. Start your free trial — no credit card, cancel anytime.",Telecom,0.013308,51508,2,3,1,3,2,0
"The downtown condo you've been waiting for. You'll want to see this. Quality you can trust. While supplies last. #1 rated in its category, backed by 25,000 five-star reviews. Save on your order.",Real Estate,0.007199,103205,1,3,1,0,1,1
"The designer watch you've been waiting for. Budget-friendly. Start your free trial. Join 50,000 happy customers. Ends soon. What nobody tells you about. Save $75 instantly and get free shipping over $50.",Luxury Goods,0.01196,47589,1,2,3,2,2,2
The online course you've been waiting for. The luxury standard. Available now. Loved by customers. A new product. Great value.,Education / e-Learning,0.00736,27515,0,1,0,0,0,0
The skincare set you've been waiting for. Cut your bill by half. Final hours. Learn more. Affordable for everyone. Highly rated.,Beauty & Cosmetics,0.023536,3307,2,1,2,0,0,2
The garden kit you've been waiting for. Quality you can trust. Great value. Learn more. For everyone.,Home & Garden,0.009135,150184,0,0,0,0,0,1
The software suite you've been waiting for. Cut your bill by half. Quality you can trust. The secret pros use. For everyone. Ends at midnight tonight.,SaaS / B2B,0.009826,101425,3,0,2,0,2,1
"The sneakers you've been waiting for. Start your free trial. You'll want to see this. Today only. Save $75 instantly and get free shipping over $50. Premium craftsmanship. #1 rated in its category, backed by 25,000 five-star reviews.",E-commerce Fashion,0.025805,104427,2,3,3,2,1,0
The grain-free pet food you've been waiting for. A new product. Grab yours now. Affordable for everyone. Great value. 48-hour flash sale.,Pet Care,0.02172,62641,3,0,0,2,0,2
The daily supplements you've been waiting for. The secret pros use. Premium craftsmanship. 48-hour flash sale. Get 40% off.,Health & Wellness,0.015898,138842,3,0,2,0,2,0
"The game pass you've been waiting for. What nobody tells you about. A smarter choice. #1 rated in its category, backed by 25,000 five-star reviews. Last chance. Unbeatable price.",Gaming,0.035534,148992,2,3,0,0,2,3
"The coffee subscription you've been waiting for. #1 rated in its category, backed by 25,000 five-star reviews. Save $75 instantly and get free shipping over $50. 48-hour flash sale. Affordable for everyone. The counterintuitive trick that doubled our results. Shop now.",Food & Beverage,0.029837,33339,3,3,3,1,3,2
The game pass you've been waiting for. Lowest price guaranteed. Get 40% off. Shop now. Here's why it works. Rated 4.8/5 by thousands.,Gaming,0.03423,190896,0,2,2,1,1,3
The software suite you've been waiting for. Save on your order. Here's why it works. Get started. Quality you can trust. While supplies last. Rated 4.8/5 by thousands.,SaaS / B2B,0.009302,44692,1,2,1,1,1,1
"The skincare set you've been waiting for. You'll want to see this. Cut your bill by half. Start your free trial — no credit card, cancel anytime. Unbeatable price. While supplies last.",Beauty & Cosmetics,0.031321,106392,1,0,2,3,1,3
The online course you've been waiting for. Affordable for everyone. Get 40% off. Last chance. The secret pros use. For everyone.,Education / e-Learning,0.0143,129291,2,0,2,0,2,2
The software suite you've been waiting for. Try it today. Premium craftsmanship. Today only. The secret pros use. Loved by customers. A smarter choice.,SaaS / B2B,0.006649,173685,2,1,0,1,2,0
"The insurance plan you've been waiting for. Real savings inside. Trusted by 10,000+ buyers. 48-hour flash sale. Learn more. Quality you can trust. The counterintuitive trick that doubled our results.",Insurance,0.007324,119490,3,2,1,0,3,1
"The coffee subscription you've been waiting for. Ends soon. You'll want to see this. Save on your order. #1 rated in its category, backed by 25,000 five-star reviews. Premium craftsmanship. Start your free trial.",Food & Beverage,0.018978,70364,1,3,1,2,1,0
"The training program you've been waiting for. Get 40% off. The secret pros use. Trusted by 10,000+ buyers. Don't miss out. Learn more. Affordable for everyone.",Fitness,0.022969,40859,1,2,2,0,2,2
The online course you've been waiting for. Today only. A smarter choice. Rated 4.8/5 by thousands. A new product. Affordable for everyone.,Education / e-Learning,0.014929,126150,2,2,0,0,0,2
"The wireless headphones you've been waiting for. Offer expires today — act now. Get 40% off. The luxury standard. Shop now. Here's why it works. Trusted by 10,000+ buyers.",Consumer Electronics,0.023399,55717,3,2,2,1,1,0
"The downtown condo you've been waiting for. Ends soon. Save $75 instantly and get free shipping over $50. #1 rated in its category, backed by 25,000 five-star reviews. Claim your discount. Budget-friendly.",Real Estate,0.009704,183221,1,3,3,2,0,2
"The software suite you've been waiting for. Get started. You'll want to see this. Lowest price guaranteed. Save on your order. #1 rated in its category, backed by 25,000 five-star reviews.",SaaS / B2B,0.0106,15205,0,3,1,1,1,3
The designer watch you've been waiting for. Offer expires today — act now. Get started. Save on your order. Rated 4.8/5 by thousands. Affordable for everyone.,Luxury Goods,0.011245,180646,3,2,1,1,0,2
"The training program you've been waiting for. Budget-friendly. Get started. You'll want to see this. #1 rated in its category, backed by 25,000 five-star reviews. Offer expires today — act now. Save $75 instantly and get free shipping over $50.",Fitness,0.03379,65515,3,3,3,1,1,2
"The designer watch you've been waiting for. Start your free trial — no credit card, cancel anytime. Ends at midnight tonight. Here's why it works. Join 50,000 happy customers. Unbeatable price. A smarter choice.",Luxury Goods,0.014291,139795,3,2,0,3,1,3
The sneakers you've been waiting for. The counterintuitive trick that doubled our results. Highly rated. Cut your bill by half. Lowest price guaranteed.,E-commerce Fashion,0.026987,18562,0,1,2,0,3,3
The unlimited data plan you've been waiting for. Try it today. The luxury standard. Get 40% off. Highly rated. Available now. What nobody tells you about.,Telecom,0.008612,192882,0,1,2,1,2,0
"The credit card you've been waiting for. A customer favorite. Cut your bill by half. Start your free trial — no credit card, cancel anytime. What nobody tells you about. While supplies last. The luxury standard.",Finance / Fintech,0.010484,42778,1,1,2,3,2,0
The downtown condo you've been waiting for. Real savings inside. Final hours. The counterintuitive trick that doubled our results. Start your free trial. Budget-friendly. Highly rated.,Real Estate,0.008349,20653,2,1,1,2,3,2
The garden kit you've been waiting for. Here's why it works. Real savings inside. Ends soon. The luxury standard. Shop now. A customer favorite.,Home & Garden,0.013055,39813,1,1,1,1,1,0
"The designer watch you've been waiting for. Save 30% today. Start your free trial — no credit card, cancel anytime. A customer favorite. Only 24 hours left. Affordable for everyone. The counterintuitive trick that doubled our results.",Luxury Goods,0.013783,67785,2,1,2,3,3,2
"The software suite you've been waiting for. Start your free trial — no credit card, cancel anytime. Unbeatable price. 48-hour flash sale. A smarter choice. You'll want to see this.",SaaS / B2B,0.012828,110497,3,0,0,3,1,3
The downtown condo you've been waiting for. Quality you can trust. What nobody tells you about. Try it today. Real savings inside. 48-hour flash sale. Loved by customers.,Real Estate,0.00839,86115,3,1,1,1,2,1
"The training program you've been waiting for. Start your free trial — no credit card, cancel anytime. The secret pros use. Shop the collection. Real savings inside. Affordable for everyone. Rated 4.8/5 by thousands.",Fitness,0.02243,172935,0,2,1,3,2,2
The daily supplements you've been waiting for. Claim your discount. Real savings inside. Quality you can trust. Rated 4.8/5 by thousands. Ends at midnight tonight.,Health & Wellness,0.020132,109585,3,2,1,2,0,1
"The garden kit you've been waiting for. Save $75 instantly and get free shipping over $50. Claim your discount. Ends soon. #1 rated in its category, backed by 25,000 five-star reviews. Unbeatable price. Here's why it works.",Home & Garden,0.021502,136365,1,3,3,2,1,3
The wireless headphones you've been waiting for. Highly rated. Cut your bill by half. Today only. Shop now. Quality you can trust. What nobody tells you about.,Consumer Electronics,0.019953,122940,2,1,2,1,2,1
The streaming plan you've been waiting for. Save 30% today. Loved by customers. Last chance. Lowest price guaranteed. The counterintuitive trick that doubled our results.,Entertainment / Streaming,0.031746,71018,2,1,2,0,3,3
The online course you've been waiting for. Cut your bill by half. Shop now. The counterintuitive trick that doubled our results. Quality you can trust. While supplies last.,Education / e-Learning,0.013564,59145,1,0,2,1,3,1
The grain-free pet food you've been waiting for. Get started. Rated 4.8/5 by thousands. Offer expires today — act now. Budget-friendly. Save 30% today.,Pet Care,0.028676,5133,3,2,2,1,0,2
"The daily supplements you've been waiting for. Available now. Quality you can trust. A new product. Great value. Start your free trial — no credit card, cancel anytime.",Health & Wellness,0.011919,139465,0,0,0,3,0,1
"The family sedan you've been waiting for. You'll want to see this. Real savings inside. #1 rated in its category, backed by 25,000 five-star reviews. While supplies last. Shop now. Affordable for everyone.",Automotive,0.011035,48202,1,3,1,1,1,2
"The garden kit you've been waiting for. While supplies last. Save $75 instantly and get free shipping over $50. Quality you can trust. Start your free trial — no credit card, cancel anytime. #1 rated in its category, backed by 25,000 five-star reviews. The counterintuitive trick that doubled our results.",Home & Garden,0.020325,6505,1,3,3,3,3,1
"The sneakers you've been waiting for. Save on your order. Lowest price guaranteed. Final hours. The counterintuitive trick that doubled our results. #1 rated in its category, backed by 25,000 five-star reviews.",E-commerce Fashion,0.029416,175778,2,3,1,0,3,3
"The coffee subscription you've been waiting for. #1 rated in its category, backed by 25,000 five-star reviews. Cut your bill by half. Final hours. Start your free trial — no credit card, cancel anytime. What nobody tells you about. The luxury standard.",Food & Beverage,0.024841,54655,2,3,2,3,2,0
The training program you've been waiting for. Ends soon. Great value. Claim your discount. Loved by customers. Unbeatable price.,Fitness,0.022147,51353,1,1,0,2,0,3
"The getaway package you've been waiting for. Trusted by 10,000+ buyers. Don't miss out. Unbeatable price. You'll want to see this. Save on your order. Get started.",Travel & Hospitality,0.017237,75966,1,2,1,1,1,3
The monthly donation you've been waiting for. Start your free trial. A new product. Shop the collection. Affordable for everyone. Highly rated. Great value.,Nonprofit,0.009038,75558,0,1,0,2,0,2
The getaway package you've been waiting for. 48-hour flash sale. Grab yours now. Save on your order. Highly rated. The counterintuitive trick that doubled our results. Unbeatable price.,Travel & Hospitality,0.023134,4701,3,1,1,2,3,3
"The garden kit you've been waiting for. Shop now. Ends soon. Premium craftsmanship. #1 rated in its category, backed by 25,000 five-star reviews. Cut your bill by half. Here's why it works.",Home & Garden,0.016173,7676,1,3,2,1,1,0
The insurance plan you've been waiting for. What nobody tells you about. Real savings inside. Claim your discount. Quality you can trust. Shop the collection. For everyone.,Insurance,0.004738,194673,0,0,1,2,2,1
The game pass you've been waiting for. Ends at midnight tonight. Save $75 instantly and get free shipping over $50. Lowest price guaranteed. Get started. Rated 4.8/5 by thousands. The secret pros use.,Gaming,0.044693,100660,3,2,3,1,2,3
The credit card you've been waiting for. A smarter choice. Don't miss out. Try it today. The counterintuitive trick that doubled our results. The luxury standard.,Finance / Fintech,0.008057,3162,1,0,0,1,3,0
"The unlimited data plan you've been waiting for. For everyone. Budget-friendly. The secret pros use. Get 40% off. Start your free trial — no credit card, cancel anytime.",Telecom,0.008879,58368,0,0,2,3,2,2
The grain-free pet food you've been waiting for. Cut your bill by half. Here's why it works. For everyone. The luxury standard.,Pet Care,0.015069,164064,0,0,2,0,1,0
The daily supplements you've been waiting for. What nobody tells you about. Great value. Highly rated. Available now. Quality you can trust. Get started.,Health & Wellness,0.012721,28687,0,1,0,1,2,1
"The online course you've been waiting for. The secret pros use. Great value. Offer expires today — act now. For everyone. Start your free trial — no credit card, cancel anytime. Unbeatable price.",Education / e-Learning,0.018433,96190,3,0,0,3,2,3
The monthly donation you've been waiting for. Premium craftsmanship. Today only. Great value. Shop now. A new product.,Nonprofit,0.009326,34005,2,0,0,1,0,0
"The skincare set you've been waiting for. Available now. A new product. Save $75 instantly and get free shipping over $50. Affordable for everyone. Join 50,000 happy customers.",Beauty & Cosmetics,0.031214,152323,0,2,3,0,0,2
The coffee subscription you've been waiting for. Lowest price guaranteed. Save on your order. Ends soon. A new product. Try it today.,Food & Beverage,0.020904,88044,1,0,1,1,0,3
"The designer watch you've been waiting for. Join 50,000 happy customers. Ends soon. A smarter choice. The counterintuitive trick that doubled our results. Budget-friendly.",Luxury Goods,0.009351,127067,1,2,0,0,3,2
"The daily supplements you've been waiting for. Save 30% today. What nobody tells you about. Offer expires today — act now. Lowest price guaranteed. Start your free trial — no credit card, cancel anytime.",Health & Wellness,0.025102,67443,3,0,2,3,2,3
"The getaway package you've been waiting for. Learn more. Save 30% today. Quality you can trust. Final hours. Trusted by 10,000+ buyers.",Travel & Hospitality,0.014355,142111,2,2,2,0,0,1
"The wireless headphones you've been waiting for. Great value. Ends soon. Shop now. #1 rated in its category, backed by 25,000 five-star reviews. What nobody tells you about. Budget-friendly.",Consumer Electronics,0.019274,2320,1,3,0,1,2,2
"The software suite you've been waiting for. Ends soon. Budget-friendly. #1 rated in its category, backed by 25,000 five-star reviews. Great value. Start your free trial. The secret pros use.",SaaS / B2B,0.010496,175628,1,3,0,2,2,2
"The sneakers you've been waiting for. The secret pros use. Cut your bill by half. Claim your discount. Affordable for everyone. Join 50,000 happy customers. Ends at midnight tonight.",E-commerce Fashion,0.032514,63186,3,2,2,2,2,2
"The training program you've been waiting for. The luxury standard. Learn more. Join 50,000 happy customers. Ends soon. A smarter choice.",Fitness,0.015138,179841,1,2,0,0,0,0
"The family sedan you've been waiting for. Unbeatable price. Cut your bill by half. Don't miss out. Try it today. What nobody tells you about. #1 rated in its category, backed by 25,000 five-star reviews.",Automotive,0.011249,18810,1,3,2,1,2,3
"The skincare set you've been waiting for. 48-hour flash sale. Save $75 instantly and get free shipping over $50. Affordable for everyone. #1 rated in its category, backed by 25,000 five-star reviews. Get started. The secret pros use.",Beauty & Cosmetics,0.038434,37221,3,3,3,1,2,2
The monthly donation you've been waiting for. Only 24 hours left. Here's why it works. Rated 4.8/5 by thousands. Budget-friendly. Great value. Start your free trial.,Nonprofit,0.014067,63447,2,2,0,2,1,2
The skincare set you've been waiting for. Try it today. Great value. You'll want to see this. Budget-friendly. Loved by customers. Last chance.,Beauty & Cosmetics,0.024172,181850,2,1,0,1,1,2
The training program you've been waiting for. Affordable for everyone. Save $75 instantly and get free shipping over $50. Last chance. You'll want to see this. Claim your discount.,Fitness,0.025032,124897,2,0,3,2,1,2
"The online course you've been waiting for. Try it today. Unbeatable price. The secret pros use. Ends at midnight tonight. Real savings inside. Join 50,000 happy customers.",Education / e-Learning,0.017981,197046,3,2,1,1,2,3
The software suite you've been waiting for. Save $75 instantly and get free shipping over $50. A new product. Ends soon. Learn more. Unbeatable price.,SaaS / B2B,0.008726,54284,1,0,3,0,0,3
The downtown condo you've been waiting for. The secret pros use. Save $75 instantly and get free shipping over $50. Only 24 hours left. Affordable for everyone. Learn more.,Real Estate,0.007574,129673,2,0,3,0,2,2
The downtown condo you've been waiting for. The counterintuitive trick that doubled our results. Unbeatable price. Only 24 hours left. Real savings inside. A customer favorite. Claim your discount.,Real Estate,0.009161,37581,2,1,1,2,3,3
The grain-free pet food you've been waiting for. Try it today. Save $75 instantly and get free shipping over $50. Don't miss out. A customer favorite. Unbeatable price.,Pet Care,0.026545,78720,1,1,3,1,0,3
The insurance plan you've been waiting for. 48-hour flash sale. The counterintuitive trick that doubled our results. The luxury standard. For everyone. Claim your discount. Get 40% off.,Insurance,0.00787,129213,3,0,2,2,3,0
The unlimited data plan you've been waiting for. Grab yours now. What nobody tells you about. Unbeatable price. For everyone. Ends soon. Cut your bill by half.,Telecom,0.011739,187431,1,0,2,2,2,3
"The coffee subscription you've been waiting for. Start your free trial — no credit card, cancel anytime. Only 24 hours left. #1 rated in its category, backed by 25,000 five-star reviews. A new product. Real savings inside. Budget-friendly.",Food & Beverage,0.028818,35621,2,3,1,3,0,2
"The coffee subscription you've been waiting for. Lowest price guaranteed. Don't miss out. Shop now. #1 rated in its category, backed by 25,000 five-star reviews. A smarter choice. The counterintuitive trick that doubled our results.",Food & Beverage,0.024804,105807,1,3,0,1,3,3
"The skincare set you've been waiting for. While supplies last. What nobody tells you about. Claim your discount. Quality you can trust. #1 rated in its category, backed by 25,000 five-star reviews. Real savings inside.",Beauty & Cosmetics,0.026531,167463,1,3,1,2,2,1
The designer watch you've been waiting for. Here's why it works. Affordable for everyone. Don't miss out. Try it today. Get 40% off. Rated 4.8/5 by thousands.,Luxury Goods,0.009877,151179,1,2,2,1,1,2
The online course you've been waiting for. Highly rated. Save on your order. Grab yours now. Premium craftsmanship. While supplies last. You'll want to see this.,Education / e-Learning,0.01189,161669,1,1,1,2,1,0
The streaming plan you've been waiting for. You'll want to see this. Available now. Cut your bill by half. Budget-friendly. Loved by customers.,Entertainment / Streaming,0.024625,64217,0,1,2,0,1,2
The daily supplements you've been waiting for. Quality you can trust. What nobody tells you about. Get 40% off. Rated 4.8/5 by thousands. Learn more. Ends soon.,Health & Wellness,0.016569,10161,1,2,2,0,2,1
"The credit card you've been waiting for. Trusted by 10,000+ buyers. Start your free trial — no credit card, cancel anytime. Here's why it works. 48-hour flash sale. Real savings inside. Lowest price guaranteed.",Finance / Fintech,0.018235,161077,3,2,1,3,1,3
The game pass you've been waiting for. For everyone. Save on your order. Offer expires today — act now. You'll want to see this. Budget-friendly.,Gaming,0.029574,2913,3,0,1,0,1,2
"The monthly donation you've been waiting for. Try it today. Unbeatable price. Real savings inside. Available now. #1 rated in its category, backed by 25,000 five-star reviews. A new product.",Nonprofit,0.013616,20611,0,3,1,1,0,3
The training program you've been waiting for. Quality you can trust. Get started. Rated 4.8/5 by thousands. The secret pros use. Available now. Save on your order.,Fitness,0.017824,73516,0,2,1,1,2,1
"The getaway package you've been waiting for. Quality you can trust. Trusted by 10,000+ buyers. Final hours. The secret pros use. Shop now. Save $75 instantly and get free shipping over $50.",Travel & Hospitality,0.018291,88870,2,2,3,1,2,1
The skincare set you've been waiting for. For everyone. Real savings inside. Lowest price guaranteed. Grab yours now. A new product. Ends soon.,Beauty & Cosmetics,0.026643,9796,1,0,1,2,0,3
"The training program you've been waiting for. While supplies last. Great value. Trusted by 10,000+ buyers. The luxury standard. Here's why it works.",Fitness,0.015038,82444,1,2,0,0,1,0
The online course you've been waiting for. For everyone. Affordable for everyone. You'll want to see this. Shop the collection. Save 30% today.,Education / e-Learning,0.009744,66174,0,0,2,0,1,2
The software suite you've been waiting for. Great value. Learn more. The counterintuitive trick that doubled our results. Ends at midnight tonight. Budget-friendly. A customer favorite.,SaaS / B2B,0.009231,173040,3,1,0,0,3,2
"The daily supplements you've been waiting for. #1 rated in its category, backed by 25,000 five-star reviews. Affordable for everyone. Save $75 instantly and get free shipping over $50. Ends at midnight tonight. Try it today. What nobody tells you about.",Health & Wellness,0.027301,177525,3,3,3,1,2,2
The downtown condo you've been waiting for. Try it today. Real savings inside. The luxury standard. For everyone. Final hours. The secret pros use.,Real Estate,0.005771,195260,2,0,1,1,2,0
The streaming plan you've been waiting for. Quality you can trust. Here's why it works. Ends soon. Loved by customers. Save $75 instantly and get free shipping over $50. Grab yours now.,Entertainment / Streaming,0.030882,62430,1,1,3,2,1,1
"The software suite you've been waiting for. Save $75 instantly and get free shipping over $50. The counterintuitive trick that doubled our results. #1 rated in its category, backed by 25,000 five-star reviews. Quality you can trust. Start your free trial — no credit card, cancel anytime. Available now.",SaaS / B2B,0.011973,147224,0,3,3,3,3,1
"The training program you've been waiting for. Real savings inside. Available now. The counterintuitive trick that doubled our results. Start your free trial — no credit card, cancel anytime. Unbeatable price. Join 50,000 happy customers.",Fitness,0.025646,100794,0,2,1,3,3,3
"The daily supplements you've been waiting for. Save $75 instantly and get free shipping over $50. What nobody tells you about. Ends soon. Lowest price guaranteed. Join 50,000 happy customers. Shop now.",Health & Wellness,0.024044,123725,1,2,3,1,2,3
"The online course you've been waiting for. Budget-friendly. Last chance. Start your free trial — no credit card, cancel anytime. Get 40% off. Trusted by 10,000+ buyers. What nobody tells you about.",Education / e-Learning,0.018133,171946,2,2,2,3,2,2
The insurance plan you've been waiting for. Shop the collection. Save on your order. Get started. The counterintuitive trick that doubled our results. Loved by customers. Quality you can trust.,Insurance,0.006412,42765,0,1,1,1,3,1
The designer watch you've been waiting for. Quality you can trust. Real savings inside. The counterintuitive trick that doubled our results. Offer expires today — act now.,Luxury Goods,0.010206,103515,3,0,1,0,3,1
"The getaway package you've been waiting for. Learn more. Save on your order. Trusted by 10,000+ buyers. Today only. Unbeatable price.",Travel & Hospitality,0.018412,92369,2,2,1,0,0,3
"The family sedan you've been waiting for. Budget-friendly. Save on your order. Start your free trial — no credit card, cancel anytime. A customer favorite. A new product.",Automotive,0.008018,195955,0,1,1,3,0,2
"The getaway package you've been waiting for. Here's why it works. #1 rated in its category, backed by 25,000 five-star reviews. Save $75 instantly and get free shipping over $50. Grab yours now. Unbeatable price. Available now.",Travel & Hospitality,0.018251,131444,0,3,3,2,1,3
"The wireless headphones you've been waiting for. Grab yours now. Save $75 instantly and get free shipping over $50. 48-hour flash sale. #1 rated in its category, backed by 25,000 five-star reviews. Budget-friendly.",Consumer Electronics,0.027785,31704,3,3,3,2,0,2
The insurance plan you've been waiting for. Save $75 instantly and get free shipping over $50. Offer expires today — act now. Quality you can trust. The counterintuitive trick that doubled our results. Shop now. Rated 4.8/5 by thousands.,Insurance,0.007955,59725,3,2,3,1,3,1
"The monthly donation you've been waiting for. Ends at midnight tonight. The luxury standard. #1 rated in its category, backed by 25,000 five-star reviews. Learn more. What nobody tells you about. Get 40% off.",Nonprofit,0.013852,81640,3,3,2,0,2,0
The insurance plan you've been waiting for. You'll want to see this. Loved by customers. Lowest price guaranteed. Cut your bill by half.,Insurance,0.006809,144435,0,1,2,0,1,3
"The unlimited data plan you've been waiting for. Rated 4.8/5 by thousands. What nobody tells you about. Start your free trial — no credit card, cancel anytime. Budget-friendly. A smarter choice. Ends soon.",Telecom,0.011584,50242,1,2,0,3,2,2
The monthly donation you've been waiting for. Great value. Learn more. Premium craftsmanship. Ends at midnight tonight. For everyone.,Nonprofit,0.009049,159378,3,0,0,0,0,0
The sneakers you've been waiting for. Budget-friendly. Save $75 instantly and get free shipping over $50. Shop the collection. A new product. Loved by customers.,E-commerce Fashion,0.020064,697,0,1,3,0,0,2
"The online course you've been waiting for. Final hours. Learn more. The luxury standard. Trusted by 10,000+ buyers. Real savings inside. The secret pros use.",Education / e-Learning,0.010945,34765,2,2,1,0,2,0
"The garden kit you've been waiting for. Save on your order. Shop the collection. Shop now. Trusted by 10,000+ buyers. Quality you can trust.",Home & Garden,0.014215,114729,0,2,1,1,0,1
The wireless headphones you've been waiting for. Final hours. What nobody tells you about. Claim your discount. Get 40% off. Premium craftsmanship.,Consumer Electronics,0.017541,160317,2,0,2,2,2,0
The wireless headphones you've been waiting for. Great value. Grab yours now. What nobody tells you about. Final hours. The luxury standard. For everyone.,Consumer Electronics,0.015638,116570,2,0,0,2,2,0
"The downtown condo you've been waiting for. Budget-friendly. Last chance. Start your free trial — no credit card, cancel anytime. Great value. The secret pros use. Highly rated.",Real Estate,0.009414,106737,2,1,0,3,2,2
"The getaway package you've been waiting for. Unbeatable price. Real savings inside. The counterintuitive trick that doubled our results. Claim your discount. Shop the collection. Join 50,000 happy customers.",Travel & Hospitality,0.016965,195081,0,2,1,2,3,3
"The insurance plan you've been waiting for. Available now. Learn more. Quality you can trust. #1 rated in its category, backed by 25,000 five-star reviews. Real savings inside.",Insurance,0.005317,67105,0,3,1,0,0,1
"The sneakers you've been waiting for. Today only. Here's why it works. Get 40% off. Unbeatable price. Join 50,000 happy customers. Start your free trial — no credit card, cancel anytime.",E-commerce Fashion,0.031162,174878,2,2,2,3,1,3
The monthly donation you've been waiting for. The luxury standard. Great value. Offer expires today — act now. The counterintuitive trick that doubled our results. Start your free trial.,Nonprofit,0.011689,173866,3,0,0,2,3,0
"The unlimited data plan you've been waiting for. Save $75 instantly and get free shipping over $50. Loved by customers. Premium craftsmanship. Start your free trial — no credit card, cancel anytime. A new product. Today only.",Telecom,0.011455,152496,2,1,3,3,0,0
The garden kit you've been waiting for. Budget-friendly. Available now. For everyone. A new product. Start your free trial. Real savings inside.,Home & Garden,0.012315,169142,0,0,1,2,0,2
"The monthly donation you've been waiting for. Don't miss out. You'll want to see this. Trusted by 10,000+ buyers. Start your free trial — no credit card, cancel anytime. Unbeatable price. Save $75 instantly and get free shipping over $50.",Nonprofit,0.015115,13362,1,2,3,3,1,3
"The online course you've been waiting for. The luxury standard. Offer expires today — act now. Start your free trial — no credit card, cancel anytime. #1 rated in its category, backed by 25,000 five-star reviews. Real savings inside. The secret pros use.",Education / e-Learning,0.018375,135251,3,3,1,3,2,0
"The coffee subscription you've been waiting for. Try it today. #1 rated in its category, backed by 25,000 five-star reviews. Save $75 instantly and get free shipping over $50. Shop the collection. Premium craftsmanship. Here's why it works.",Food & Beverage,0.019885,46751,0,3,3,1,1,0
"The credit card you've been waiting for. The counterintuitive trick that doubled our results. Great value. Quality you can trust. Start your free trial — no credit card, cancel anytime. Highly rated. Available now.",Finance / Fintech,0.009888,144313,0,1,0,3,3,1
"The skincare set you've been waiting for. The counterintuitive trick that doubled our results. Save $75 instantly and get free shipping over $50. Shop the collection. Start your free trial — no credit card, cancel anytime. The luxury standard. Highly rated.",Beauty & Cosmetics,0.026301,146461,0,1,3,3,3,0
The skincare set you've been waiting for. Loved by customers. Ends soon. Quality you can trust. Here's why it works. Save 30% today.,Beauty & Cosmetics,0.022409,37694,1,1,2,0,1,1
"The software suite you've been waiting for. Ends at midnight tonight. Great value. Join 50,000 happy customers. Start your free trial — no credit card, cancel anytime. Quality you can trust.",SaaS / B2B,0.010489,180393,3,2,0,3,0,1
"The training program you've been waiting for. The secret pros use. Start your free trial — no credit card, cancel anytime. Final hours. Budget-friendly. Get 40% off. Highly rated.",Fitness,0.026929,132903,2,1,2,3,2,2
"The software suite you've been waiting for. Premium craftsmanship. Great value. While supplies last. The secret pros use. Start your free trial — no credit card, cancel anytime.",SaaS / B2B,0.007426,25683,1,0,0,3,2,0
The designer watch you've been waiting for. Here's why it works. Offer expires today — act now. Highly rated. Budget-friendly. Try it today. A smarter choice.,Luxury Goods,0.011171,166590,3,1,0,1,1,2
"The daily supplements you've been waiting for. #1 rated in its category, backed by 25,000 five-star reviews. Grab yours now. The luxury standard. A new product. Available now. Save $75 instantly and get free shipping over $50.",Health & Wellness,0.016123,149743,0,3,3,2,0,0
The monthly donation you've been waiting for. Grab yours now. While supplies last. The counterintuitive trick that doubled our results. Quality you can trust. Get 40% off. Loved by customers.,Nonprofit,0.013087,75578,1,1,2,2,3,1
The daily supplements you've been waiting for. For everyone. Lowest price guaranteed. Don't miss out. Grab yours now. Save on your order. The counterintuitive trick that doubled our results.,Health & Wellness,0.020426,131826,1,0,1,2,3,3
"The game pass you've been waiting for. Lowest price guaranteed. The counterintuitive trick that doubled our results. Start your free trial — no credit card, cancel anytime. #1 rated in its category, backed by 25,000 five-star reviews. Great value.",Gaming,0.038373,131878,0,3,0,3,3,3
The skincare set you've been waiting for. Unbeatable price. Real savings inside. Offer expires today — act now. The secret pros use. Claim your discount. For everyone.,Beauty & Cosmetics,0.031086,187572,3,0,1,2,2,3
The insurance plan you've been waiting for. Learn more. The luxury standard. Highly rated. Get 40% off. Only 24 hours left.,Insurance,0.005668,162919,2,1,2,0,0,0
"The online course you've been waiting for. Premium craftsmanship. #1 rated in its category, backed by 25,000 five-star reviews. You'll want to see this. Save on your order. 48-hour flash sale. Start your free trial — no credit card, cancel anytime.",Education / e-Learning,0.018963,16167,3,3,1,3,1,0
"The family sedan you've been waiting for. #1 rated in its category, backed by 25,000 five-star reviews. The counterintuitive trick that doubled our results. Learn more. Quality you can trust. Save $75 instantly and get free shipping over $50. Don't miss out.",Automotive,0.011482,68301,1,3,3,0,3,1
The garden kit you've been waiting for. Try it today. Rated 4.8/5 by thousands. Unbeatable price. What nobody tells you about. Real savings inside. 48-hour flash sale.,Home & Garden,0.022214,166154,3,2,1,1,2,3
The getaway package you've been waiting for. Save $75 instantly and get free shipping over $50. Last chance. What nobody tells you about. Affordable for everyone. Get started.,Travel & Hospitality,0.016589,92120,2,0,3,1,2,2
The unlimited data plan you've been waiting for. The counterintuitive trick that doubled our results. Shop the collection. Save on your order. Budget-friendly.,Telecom,0.008758,20798,0,0,1,0,3,2
The software suite you've been waiting for. Affordable for everyone. Ends at midnight tonight. A new product. Real savings inside. Highly rated. Learn more.,SaaS / B2B,0.009455,69790,3,1,1,0,0,2
The downtown condo you've been waiting for. For everyone. Final hours. You'll want to see this. Grab yours now. Get 40% off. The luxury standard.,Real Estate,0.005994,186847,2,0,2,2,1,0
"The grain-free pet food you've been waiting for. The counterintuitive trick that doubled our results. Offer expires today — act now. Premium craftsmanship. Save $75 instantly and get free shipping over $50. Trusted by 10,000+ buyers.",Pet Care,0.029433,1352,3,2,3,0,3,0
"The getaway package you've been waiting for. The counterintuitive trick that doubled our results. Save 30% today. Highly rated. Today only. Start your free trial — no credit card, cancel anytime. Budget-friendly.",Travel & Hospitality,0.017915,64456,2,1,2,3,3,2
The skincare set you've been waiting for. Real savings inside. Final hours. Get started. Quality you can trust.,Beauty & Cosmetics,0.020299,190891,2,0,1,1,0,1
"The unlimited data plan you've been waiting for. Trusted by 10,000+ buyers. Here's why it works. Only 24 hours left. Grab yours now. A smarter choice. Quality you can trust.",Telecom,0.011057,195990,2,2,0,2,1,1
"The downtown condo you've been waiting for. Don't miss out. A smarter choice. #1 rated in its category, backed by 25,000 five-star reviews. Lowest price guaranteed.",Real Estate,0.007934,132061,1,3,0,0,0,3
"The family sedan you've been waiting for. Offer expires today — act now. Budget-friendly. Start your free trial — no credit card, cancel anytime. The secret pros use. Real savings inside.",Automotive,0.011093,32648,3,0,1,3,2,2
The sneakers you've been waiting for. Unbeatable price. The counterintuitive trick that doubled our results. Final hours. Save on your order. Claim your discount.,E-commerce Fashion,0.028432,141620,2,0,1,2,3,3
The streaming plan you've been waiting for. Unbeatable price. Final hours. Cut your bill by half. Loved by customers.,Entertainment / Streaming,0.032361,7028,2,1,2,0,0,3
"The wireless headphones you've been waiting for. Lowest price guaranteed. Trusted by 10,000+ buyers. The secret pros use. Claim your discount. Save 30% today.",Consumer Electronics,0.022792,51172,0,2,2,2,2,3
"The credit card you've been waiting for. Start your free trial — no credit card, cancel anytime. Lowest price guaranteed. The counterintuitive trick that doubled our results. Ends at midnight tonight. Get 40% off. Rated 4.8/5 by thousands.",Finance / Fintech,0.019031,28105,3,2,2,3,3,3
The insurance plan you've been waiting for. You'll want to see this. Great value. Unbeatable price. Loved by customers. Start your free trial. While supplies last.,Insurance,0.007067,69383,1,1,0,2,1,3
"The skincare set you've been waiting for. Join 50,000 happy customers. The counterintuitive trick that doubled our results. Budget-friendly. Shop now. Shop the collection. Save $75 instantly and get free shipping over $50.",Beauty & Cosmetics,0.02589,30604,0,2,3,1,3,2
The downtown condo you've been waiting for. Today only. Shop now. Budget-friendly. A customer favorite. Save $75 instantly and get free shipping over $50.,Real Estate,0.007951,154954,2,1,3,1,0,2
"The garden kit you've been waiting for. Save $75 instantly and get free shipping over $50. #1 rated in its category, backed by 25,000 five-star reviews. Unbeatable price. Get started. Final hours. A new product.",Home & Garden,0.027635,128697,2,3,3,1,0,3
"The family sedan you've been waiting for. Ends at midnight tonight. Save $75 instantly and get free shipping over $50. Start your free trial — no credit card, cancel anytime. Unbeatable price. The counterintuitive trick that doubled our results. For everyone.",Automotive,0.013875,114085,3,0,3,3,3,3
The unlimited data plan you've been waiting for. The counterintuitive trick that doubled our results. Ends at midnight tonight. Unbeatable price. Learn more. Save on your order. For everyone.,Telecom,0.012465,57823,3,0,1,0,3,3
"The family sedan you've been waiting for. Get 40% off. #1 rated in its category, backed by 25,000 five-star reviews. What nobody tells you about. Ends soon. Grab yours now. Quality you can trust.",Automotive,0.009421,198725,1,3,2,2,2,1
"The training program you've been waiting for. Save $75 instantly and get free shipping over $50. Shop the collection. Start your free trial — no credit card, cancel anytime. Quality you can trust. #1 rated in its category, backed by 25,000 five-star reviews.",Fitness,0.024599,175733,0,3,3,3,0,1
The coffee subscription you've been waiting for. Save on your order. Don't miss out. Grab yours now. You'll want to see this. Quality you can trust.,Food & Beverage,0.016893,78426,1,0,1,2,1,1
The insurance plan you've been waiting for. Highly rated. Save $75 instantly and get free shipping over $50. You'll want to see this. Ends at midnight tonight. Quality you can trust.,Insurance,0.006495,129412,3,1,3,0,1,1
"The getaway package you've been waiting for. #1 rated in its category, backed by 25,000 five-star reviews. Learn more. Real savings inside. The luxury standard. 48-hour flash sale. The secret pros use.",Travel & Hospitality,0.015206,100624,3,3,1,0,2,0
"The game pass you've been waiting for. Save on your order. Trusted by 10,000+ buyers. The counterintuitive trick that doubled our results. Lowest price guaranteed. Shop the collection. Learn more.",Gaming,0.033084,38933,0,2,1,0,3,3
"The family sedan you've been waiting for. Shop now. Offer expires today — act now. #1 rated in its category, backed by 25,000 five-star reviews. Save $75 instantly and get free shipping over $50. Quality you can trust. A new product.",Automotive,0.010356,38445,3,3,3,1,0,1
"The coffee subscription you've been waiting for. Save $75 instantly and get free shipping over $50. Shop now. Affordable for everyone. Only 24 hours left. #1 rated in its category, backed by 25,000 five-star reviews. Here's why it works.",Food & Beverage,0.028527,59798,2,3,3,1,1,2
"The downtown condo you've been waiting for. Start your free trial — no credit card, cancel anytime. The counterintuitive trick that doubled our results. Affordable for everyone. Rated 4.8/5 by thousands. Offer expires today — act now. Real savings inside.",Real Estate,0.010478,56975,3,2,1,3,3,2
"The unlimited data plan you've been waiting for. Start your free trial — no credit card, cancel anytime. Don't miss out. For everyone. Get 40% off. Unbeatable price. The counterintuitive trick that doubled our results.",Telecom,0.013022,85351,1,0,2,3,3,3
"The grain-free pet food you've been waiting for. Quality you can trust. Last chance. The secret pros use. Start your free trial — no credit card, cancel anytime. Save $75 instantly and get free shipping over $50.",Pet Care,0.026172,50705,2,0,3,3,2,1
"The unlimited data plan you've been waiting for. Last chance. Quality you can trust. The secret pros use. Shop now. Save 30% today. Join 50,000 happy customers.",Telecom,0.011896,70960,2,2,2,1,2,1
"The designer watch you've been waiting for. The luxury standard. Ends soon. #1 rated in its category, backed by 25,000 five-star reviews. Start your free trial — no credit card, cancel anytime. A new product. Real savings inside.",Luxury Goods,0.00928,53759,1,3,1,3,0,0
"The sneakers you've been waiting for. Lowest price guaranteed. Trusted by 10,000+ buyers. Ends soon. A smarter choice. Start your free trial — no credit card, cancel anytime.",E-commerce Fashion,0.025947,150265,1,2,0,3,0,3
"The training program you've been waiting for. Budget-friendly. Save $75 instantly and get free shipping over $50. #1 rated in its category, backed by 25,000 five-star reviews. While supplies last. Shop now. What nobody tells you about.",Fitness,0.027694,168637,1,3,3,1,2,2
The sneakers you've been waiting for. Try it today. Rated 4.8/5 by thousands. Quality you can trust. Save on your order. Shop the collection. The secret pros use.,E-commerce Fashion,0.01948,27464,0,2,1,1,2,1
"The streaming plan you've been waiting for. Try it today. Trusted by 10,000+ buyers. Shop the collection. Budget-friendly. Save $75 instantly and get free shipping over $50.",Entertainment / Streaming,0.026699,170908,0,2,3,1,0,2
The garden kit you've been waiting for. Affordable for everyone. Loved by customers. Try it today. Today only. A smarter choice. The counterintuitive trick that doubled our results.,Home & Garden,0.016537,27825,2,1,0,1,3,2
"The online course you've been waiting for. #1 rated in its category, backed by 25,000 five-star reviews. Budget-friendly. The counterintuitive trick that doubled our results. Ends at midnight tonight. Real savings inside.",Education / e-Learning,0.017474,53567,3,3,1,0,3,2
"The unlimited data plan you've been waiting for. Budget-friendly. Learn more. Save $75 instantly and get free shipping over $50. Final hours. #1 rated in its category, backed by 25,000 five-star reviews. You'll want to see this.",Telecom,0.015183,158606,2,3,3,0,1,2
"The insurance plan you've been waiting for. Trusted by 10,000+ buyers. Affordable for everyone. Cut your bill by half. Shop now. Don't miss out.",Insurance,0.00772,13729,1,2,2,1,0,2
The software suite you've been waiting for. Ends soon. Quality you can trust. What nobody tells you about. Real savings inside. Get started. A customer favorite.,SaaS / B2B,0.008927,113318,1,1,1,1,2,1
"The coffee subscription you've been waiting for. Offer expires today — act now. Save $75 instantly and get free shipping over $50. Join 50,000 happy customers. What nobody tells you about. Premium craftsmanship.",Food & Beverage,0.022937,158782,3,2,3,0,2,0
"The grain-free pet food you've been waiting for. Great value. What nobody tells you about. For everyone. Start your free trial — no credit card, cancel anytime. Today only. Premium craftsmanship.",Pet Care,0.02229,122299,2,0,0,3,2,0
The downtown condo you've been waiting for. While supplies last. Shop now. Save 30% today. A new product. Quality you can trust. Loved by customers.,Real Estate,0.006338,90638,1,1,2,1,0,1
The training program you've been waiting for. 48-hour flash sale. Loved by customers. Start your free trial. What nobody tells you about. Lowest price guaranteed. Cut your bill by half.,Fitness,0.031177,106570,3,1,2,2,2,3
The getaway package you've been waiting for. Offer expires today — act now. Unbeatable price. Get 40% off. Try it today. The counterintuitive trick that doubled our results.,Travel & Hospitality,0.017892,185988,3,0,2,1,3,3
"The skincare set you've been waiting for. Start your free trial — no credit card, cancel anytime. A smarter choice. Quality you can trust. #1 rated in its category, backed by 25,000 five-star reviews. Today only. Here's why it works.",Beauty & Cosmetics,0.029802,156087,2,3,0,3,1,1
The garden kit you've been waiting for. Quality you can trust. The counterintuitive trick that doubled our results. A smarter choice. A customer favorite. Claim your discount. Ends soon.,Home & Garden,0.014801,63235,1,1,0,2,3,1
The garden kit you've been waiting for. Premium craftsmanship. Shop now. Real savings inside. The counterintuitive trick that doubled our results. While supplies last.,Home & Garden,0.010915,148346,1,0,1,1,3,0
The daily supplements you've been waiting for. Quality you can trust. Last chance. A new product. Rated 4.8/5 by thousands. Start your free trial. A smarter choice.,Health & Wellness,0.016362,74046,2,2,0,2,0,1
The insurance plan you've been waiting for. Lowest price guaranteed. Last chance. What nobody tells you about. Real savings inside. Highly rated. Learn more.,Insurance,0.007776,147513,2,1,1,0,2,3
The streaming plan you've been waiting for. A smarter choice. Quality you can trust. Offer expires today — act now. Loved by customers. Here's why it works.,Entertainment / Streaming,0.026242,98303,3,1,0,0,1,1
The downtown condo you've been waiting for. Last chance. Save $75 instantly and get free shipping over $50. Try it today. The luxury standard. Loved by customers.,Real Estate,0.007682,144675,2,1,3,1,0,0
"The daily supplements you've been waiting for. Quality you can trust. What nobody tells you about. Trusted by 10,000+ buyers. Get started. Real savings inside. Available now.",Health & Wellness,0.014965,172192,0,2,1,1,2,1
"The credit card you've been waiting for. Cut your bill by half. Budget-friendly. Here's why it works. Rated 4.8/5 by thousands. Start your free trial — no credit card, cancel anytime. Shop the collection.",Finance / Fintech,0.01221,41537,0,2,2,3,1,2
"The software suite you've been waiting for. A new product. Unbeatable price. While supplies last. Save on your order. Trusted by 10,000+ buyers. Try it today.",SaaS / B2B,0.010845,83996,1,2,1,1,0,3
The skincare set you've been waiting for. Last chance. A customer favorite. Real savings inside. Learn more. The counterintuitive trick that doubled our results. Budget-friendly.,Beauty & Cosmetics,0.024367,55960,2,1,1,0,3,2
"The online course you've been waiting for. Budget-friendly. Save $75 instantly and get free shipping over $50. Only 24 hours left. Trusted by 10,000+ buyers. The secret pros use. Start your free trial — no credit card, cancel anytime.",Education / e-Learning,0.020481,187605,2,2,3,3,2,2
"The game pass you've been waiting for. Final hours. The secret pros use. Rated 4.8/5 by thousands. Start your free trial — no credit card, cancel anytime. Premium craftsmanship. Great value.",Gaming,0.028018,91537,2,2,0,3,2,0
The wireless headphones you've been waiting for. A new product. Shop the collection. The luxury standard. Save $75 instantly and get free shipping over $50. Grab yours now.,Consumer Electronics,0.013319,160078,0,0,3,2,0,0
"The downtown condo you've been waiting for. Learn more. Last chance. Trusted by 10,000+ buyers. Lowest price guaranteed. The counterintuitive trick that doubled our results. Get 40% off.",Real Estate,0.009862,9062,2,2,2,0,3,3
"The sneakers you've been waiting for. Ends at midnight tonight. Budget-friendly. #1 rated in its category, backed by 25,000 five-star reviews. The secret pros use. Great value.",E-commerce Fashion,0.025819,29590,3,3,0,0,2,2
"The streaming plan you've been waiting for. Grab yours now. Premium craftsmanship. Save $75 instantly and get free shipping over $50. Available now. Trusted by 10,000+ buyers. The counterintuitive trick that doubled our results.",Entertainment / Streaming,0.027244,83304,0,2,3,2,3,0
"The wireless headphones you've been waiting for. Quality you can trust. Cut your bill by half. Try it today. Ends at midnight tonight. Join 50,000 happy customers. You'll want to see this.",Consumer Electronics,0.022946,173042,3,2,2,1,1,1
The grain-free pet food you've been waiting for. For everyone. Save 30% today. Available now. Grab yours now. Premium craftsmanship.,Pet Care,0.016559,133905,0,0,2,2,0,0
The credit card you've been waiting for. A smarter choice. While supplies last. Learn more. For everyone. Here's why it works. The luxury standard.,Finance / Fintech,0.006431,81301,1,0,0,0,1,0
The unlimited data plan you've been waiting for. Available now. Quality you can trust. Here's why it works. For everyone. Save on your order.,Telecom,0.008078,64521,0,0,1,0,1,1
"The unlimited data plan you've been waiting for. Start your free trial — no credit card, cancel anytime. Save on your order. You'll want to see this. #1 rated in its category, backed by 25,000 five-star reviews. While supplies last. Budget-friendly.",Telecom,0.012887,135516,1,3,1,3,1,2
"The skincare set you've been waiting for. Start your free trial — no credit card, cancel anytime. Shop the collection. The secret pros use. Quality you can trust. Highly rated. Real savings inside.",Beauty & Cosmetics,0.021265,189888,0,1,1,3,2,1
The game pass you've been waiting for. A customer favorite. Lowest price guaranteed. Real savings inside. Available now.,Gaming,0.02825,143069,0,1,1,0,0,3
The unlimited data plan you've been waiting for. Here's why it works. Get 40% off. Learn more. Rated 4.8/5 by thousands. Budget-friendly. Available now.,Telecom,0.009671,13930,0,2,2,0,1,2
The unlimited data plan you've been waiting for. Save $75 instantly and get free shipping over $50. The luxury standard. A new product. Ends at midnight tonight. Try it today.,Telecom,0.010173,24472,3,0,3,1,0,0
"The streaming plan you've been waiting for. Don't miss out. A new product. Quality you can trust. Save on your order. Shop now. #1 rated in its category, backed by 25,000 five-star reviews.",Entertainment / Streaming,0.028944,106096,1,3,1,1,0,1
"The wireless headphones you've been waiting for. Save on your order. You'll want to see this. The luxury standard. #1 rated in its category, backed by 25,000 five-star reviews. Learn more. Available now.",Consumer Electronics,0.015182,179145,0,3,1,0,1,0
"The streaming plan you've been waiting for. Save 30% today. What nobody tells you about. Start your free trial — no credit card, cancel anytime. While supplies last. The luxury standard. For everyone.",Entertainment / Streaming,0.024208,179369,1,0,2,3,2,0
"The garden kit you've been waiting for. Lowest price guaranteed. #1 rated in its category, backed by 25,000 five-star reviews. While supplies last. Shop now. Save on your order. Here's why it works.",Home & Garden,0.019124,81377,1,3,1,1,1,3
"The grain-free pet food you've been waiting for. Only 24 hours left. Premium craftsmanship. Save $75 instantly and get free shipping over $50. Claim your discount. You'll want to see this. #1 rated in its category, backed by 25,000 five-star reviews.",Pet Care,0.028286,196775,2,3,3,2,1,0
"The software suite you've been waiting for. Cut your bill by half. The secret pros use. Premium craftsmanship. Don't miss out. Rated 4.8/5 by thousands. Start your free trial — no credit card, cancel anytime.",SaaS / B2B,0.011177,10790,1,2,2,3,2,0
"The grain-free pet food you've been waiting for. Save $75 instantly and get free shipping over $50. Unbeatable price. The counterintuitive trick that doubled our results. #1 rated in its category, backed by 25,000 five-star reviews. While supplies last.",Pet Care,0.033255,56837,1,3,3,0,3,3
"The unlimited data plan you've been waiting for. #1 rated in its category, backed by 25,000 five-star reviews. Learn more. Unbeatable price. Don't miss out. The counterintuitive trick that doubled our results. Real savings inside.",Telecom,0.013418,137556,1,3,1,0,3,3
The monthly donation you've been waiting for. The luxury standard. Shop the collection. Shop now. Highly rated. The counterintuitive trick that doubled our results. Cut your bill by half.,Nonprofit,0.009462,162371,0,1,2,1,3,0
"The monthly donation you've been waiting for. Save on your order. Learn more. Lowest price guaranteed. A new product. Join 50,000 happy customers.",Nonprofit,0.01367,137825,0,2,1,0,0,3
"The wireless headphones you've been waiting for. Save on your order. Shop now. While supplies last. #1 rated in its category, backed by 25,000 five-star reviews. Affordable for everyone. The counterintuitive trick that doubled our results.",Consumer Electronics,0.024389,1667,1,3,1,1,3,2
"The skincare set you've been waiting for. Save $75 instantly and get free shipping over $50. Today only. Quality you can trust. Start your free trial — no credit card, cancel anytime. Join 50,000 happy customers.",Beauty & Cosmetics,0.031688,163576,2,2,3,3,0,1
"The online course you've been waiting for. Premium craftsmanship. Last chance. Cut your bill by half. Here's why it works. Highly rated. Start your free trial — no credit card, cancel anytime.",Education / e-Learning,0.012929,128164,2,1,2,3,1,0
The family sedan you've been waiting for. Real savings inside. You'll want to see this. Quality you can trust. Final hours. A customer favorite.,Automotive,0.00743,105314,2,1,1,0,1,1
The designer watch you've been waiting for. A smarter choice. The counterintuitive trick that doubled our results. Loved by customers. Start your free trial. Premium craftsmanship. Shop the collection.,Luxury Goods,0.0068,192826,0,1,0,2,3,0
The streaming plan you've been waiting for. Affordable for everyone. Highly rated. The counterintuitive trick that doubled our results. Save $75 instantly and get free shipping over $50.,Entertainment / Streaming,0.029,6547,0,1,3,0,3,2
"The family sedan you've been waiting for. Quality you can trust. Save $75 instantly and get free shipping over $50. Start your free trial — no credit card, cancel anytime. Loved by customers. The counterintuitive trick that doubled our results. Final hours.",Automotive,0.010581,72280,2,1,3,3,3,1
The streaming plan you've been waiting for. Today only. Shop now. Save on your order. The luxury standard. Highly rated. The counterintuitive trick that doubled our results.,Entertainment / Streaming,0.025987,54504,2,1,1,1,3,0
The daily supplements you've been waiting for. Ends soon. Budget-friendly. Save $75 instantly and get free shipping over $50. What nobody tells you about. For everyone.,Health & Wellness,0.015244,143223,1,0,3,0,2,2
"The game pass you've been waiting for. Quality you can trust. Here's why it works. Start your free trial — no credit card, cancel anytime. Don't miss out. Great value.",Gaming,0.026575,27024,1,0,0,3,1,1
The downtown condo you've been waiting for. Rated 4.8/5 by thousands. Learn more. Lowest price guaranteed. A new product. Ends soon. Save $75 instantly and get free shipping over $50.,Real Estate,0.009693,112482,1,2,3,0,0,3
The credit card you've been waiting for. Loved by customers. Claim your discount. Get 40% off. The luxury standard.,Finance / Fintech,0.008978,19508,0,1,2,2,0,0
"The coffee subscription you've been waiting for. Budget-friendly. Get 40% off. Claim your discount. A new product. #1 rated in its category, backed by 25,000 five-star reviews.",Food & Beverage,0.02312,198181,0,3,2,2,0,2
"The online course you've been waiting for. Don't miss out. #1 rated in its category, backed by 25,000 five-star reviews. Real savings inside. The counterintuitive trick that doubled our results. Affordable for everyone. Start your free trial — no credit card, cancel anytime.",Education / e-Learning,0.018165,75091,1,3,1,3,3,2
"The online course you've been waiting for. Start your free trial. Unbeatable price. You'll want to see this. #1 rated in its category, backed by 25,000 five-star reviews. Real savings inside.",Education / e-Learning,0.016562,115864,0,3,1,2,1,3
"The designer watch you've been waiting for. #1 rated in its category, backed by 25,000 five-star reviews. Claim your discount. While supplies last. You'll want to see this. Save $75 instantly and get free shipping over $50. Premium craftsmanship.",Luxury Goods,0.010653,39639,1,3,3,2,1,0
"The getaway package you've been waiting for. 48-hour flash sale. The counterintuitive trick that doubled our results. Great value. Quality you can trust. #1 rated in its category, backed by 25,000 five-star reviews.",Travel & Hospitality,0.013878,106909,3,3,0,0,3,1
The downtown condo you've been waiting for. Ends soon. Quality you can trust. Highly rated. Grab yours now. A smarter choice.,Real Estate,0.005716,52142,1,1,0,2,0,1
The daily supplements you've been waiting for. A customer favorite. Offer expires today — act now. Save $75 instantly and get free shipping over $50. You'll want to see this. Claim your discount. Quality you can trust.,Health & Wellness,0.021463,37208,3,1,3,2,1,1
"The grain-free pet food you've been waiting for. #1 rated in its category, backed by 25,000 five-star reviews. Here's why it works. Shop now. Quality you can trust. Real savings inside. Only 24 hours left.",Pet Care,0.029955,21198,2,3,1,1,1,1
"The downtown condo you've been waiting for. Quality you can trust. Great value. Start your free trial — no credit card, cancel anytime. Trusted by 10,000+ buyers. A new product. Final hours.",Real Estate,0.008528,185174,2,2,0,3,0,1
The family sedan you've been waiting for. 48-hour flash sale. A smarter choice. The luxury standard. Claim your discount. Here's why it works. Loved by customers.,Automotive,0.008616,117057,3,1,0,2,1,0
"The training program you've been waiting for. While supplies last. Start your free trial. Trusted by 10,000+ buyers. Unbeatable price. Save $75 instantly and get free shipping over $50. A new product.",Fitness,0.025434,170460,1,2,3,2,0,3
The credit card you've been waiting for. Save $75 instantly and get free shipping over $50. Ends at midnight tonight. Loved by customers. The luxury standard. A new product. Shop now.,Finance / Fintech,0.012819,12173,3,1,3,1,0,0
"The online course you've been waiting for. Lowest price guaranteed. Start your free trial — no credit card, cancel anytime. The counterintuitive trick that doubled our results. Join 50,000 happy customers. Ends soon. Get 40% off.",Education / e-Learning,0.02085,135169,1,2,2,3,3,3
The game pass you've been waiting for. The luxury standard. Cut your bill by half. Available now. For everyone. What nobody tells you about. Shop now.,Gaming,0.022534,47493,0,0,2,1,2,0
"The coffee subscription you've been waiting for. What nobody tells you about. Start your free trial — no credit card, cancel anytime. Shop the collection. A smarter choice. Unbeatable price.",Food & Beverage,0.021441,156057,0,0,0,3,2,3
The software suite you've been waiting for. Real savings inside. Claim your discount. Don't miss out. Quality you can trust. A new product.,SaaS / B2B,0.008251,141373,1,0,1,2,0,1
The downtown condo you've been waiting for. The luxury standard. Grab yours now. A smarter choice. Don't miss out.,Real Estate,0.004591,114212,1,0,0,2,0,0
"The monthly donation you've been waiting for. Last chance. Affordable for everyone. Save $75 instantly and get free shipping over $50. Start your free trial — no credit card, cancel anytime. For everyone.",Nonprofit,0.016707,187191,2,0,3,3,0,2
The software suite you've been waiting for. Here's why it works. A smarter choice. Affordable for everyone. Don't miss out. For everyone.,SaaS / B2B,0.00748,139070,1,0,0,0,1,2
The insurance plan you've been waiting for. Unbeatable price. While supplies last. What nobody tells you about. Loved by customers. Get started. Cut your bill by half.,Insurance,0.007699,144490,1,1,2,1,2,3
The downtown condo you've been waiting for. Affordable for everyone. Today only. The counterintuitive trick that doubled our results. A smarter choice.,Real Estate,0.007011,127463,2,0,0,0,3,2
"The credit card you've been waiting for. Unbeatable price. Save 30% today. Grab yours now. A new product. #1 rated in its category, backed by 25,000 five-star reviews. Ends at midnight tonight.",Finance / Fintech,0.017887,68095,3,3,2,2,0,3
"The streaming plan you've been waiting for. Save on your order. Join 50,000 happy customers. Learn more. Premium craftsmanship. The counterintuitive trick that doubled our results. Today only.",Entertainment / Streaming,0.025848,149571,2,2,1,0,3,0
"The unlimited data plan you've been waiting for. Premium craftsmanship. The secret pros use. #1 rated in its category, backed by 25,000 five-star reviews. A smarter choice. Ends soon. Start your free trial — no credit card, cancel anytime.",Telecom,0.010083,4719,1,3,0,3,2,0
"The designer watch you've been waiting for. Great value. Start your free trial — no credit card, cancel anytime. Lowest price guaranteed. #1 rated in its category, backed by 25,000 five-star reviews. What nobody tells you about.",Luxury Goods,0.011144,22941,0,3,0,3,2,3
The software suite you've been waiting for. You'll want to see this. Start your free trial. Cut your bill by half. Premium craftsmanship. A customer favorite. Ends at midnight tonight.,SaaS / B2B,0.010848,15269,3,1,2,2,1,0
"The streaming plan you've been waiting for. Try it today. Lowest price guaranteed. Save $75 instantly and get free shipping over $50. Join 50,000 happy customers. Ends soon. The counterintuitive trick that doubled our results.",Entertainment / Streaming,0.036473,95544,1,2,3,1,3,3
"The credit card you've been waiting for. You'll want to see this. Ends soon. Trusted by 10,000+ buyers. Unbeatable price. Save $75 instantly and get free shipping over $50. Claim your discount.",Finance / Fintech,0.014648,86478,1,2,3,2,1,3
"The family sedan you've been waiting for. Real savings inside. Join 50,000 happy customers. What nobody tells you about. Lowest price guaranteed. Grab yours now. Available now.",Automotive,0.008976,118518,0,2,1,2,2,3
The designer watch you've been waiting for. Start your free trial. Loved by customers. Only 24 hours left. You'll want to see this. Quality you can trust. A smarter choice.,Luxury Goods,0.008745,17097,2,1,0,2,1,1
"The insurance plan you've been waiting for. Start your free trial — no credit card, cancel anytime. #1 rated in its category, backed by 25,000 five-star reviews. Final hours. Save $75 instantly and get free shipping over $50. Quality you can trust. You'll want to see this.",Insurance,0.008745,12473,2,3,3,3,1,1
"The skincare set you've been waiting for. Budget-friendly. Save on your order. #1 rated in its category, backed by 25,000 five-star reviews. Shop now. What nobody tells you about.",Beauty & Cosmetics,0.028742,102332,0,3,1,1,2,2
"The skincare set you've been waiting for. Here's why it works. Great value. Trusted by 10,000+ buyers. Quality you can trust.",Beauty & Cosmetics,0.017027,153084,0,2,0,0,1,1
"The credit card you've been waiting for. Final hours. #1 rated in its category, backed by 25,000 five-star reviews. A smarter choice. Unbeatable price.",Finance / Fintech,0.015516,23782,2,3,0,0,0,3
The skincare set you've been waiting for. Unbeatable price. Last chance. Shop now. You'll want to see this. A smarter choice. For everyone.,Beauty & Cosmetics,0.024781,82195,2,0,0,1,1,3
The streaming plan you've been waiting for. Learn more. 48-hour flash sale. Lowest price guaranteed. A customer favorite. What nobody tells you about. Save $75 instantly and get free shipping over $50.,Entertainment / Streaming,0.038088,120705,3,1,3,0,2,3
The insurance plan you've been waiting for. The luxury standard. Real savings inside. For everyone. Here's why it works. Get started. Ends at midnight tonight.,Insurance,0.005193,74674,3,0,1,1,1,0
"The insurance plan you've been waiting for. Lowest price guaranteed. A new product. Start your free trial — no credit card, cancel anytime. Join 50,000 happy customers. Real savings inside. Ends at midnight tonight.",Insurance,0.009857,13123,3,2,1,3,0,3
The monthly donation you've been waiting for. Claim your discount. The luxury standard. What nobody tells you about. Save $75 instantly and get free shipping over $50. Don't miss out.,Nonprofit,0.010744,146732,1,0,3,2,2,0
The monthly donation you've been waiting for. Ends at midnight tonight. Great value. Rated 4.8/5 by thousands. Premium craftsmanship. Grab yours now.,Nonprofit,0.013227,68568,3,2,0,2,0,0
"The streaming plan you've been waiting for. You'll want to see this. The luxury standard. Get 40% off. Start your free trial — no credit card, cancel anytime. Last chance. #1 rated in its category, backed by 25,000 five-star reviews.",Entertainment / Streaming,0.034622,101782,2,3,2,3,1,0
The getaway package you've been waiting for. A customer favorite. Learn more. Lowest price guaranteed. The counterintuitive trick that doubled our results. Don't miss out. Real savings inside.,Travel & Hospitality,0.017099,160193,1,1,1,0,3,3
The daily supplements you've been waiting for. Unbeatable price. Ends soon. Cut your bill by half. Loved by customers. What nobody tells you about. Claim your discount.,Health & Wellness,0.01866,9421,1,1,2,2,2,3
"The unlimited data plan you've been waiting for. Cut your bill by half. Unbeatable price. Today only. Here's why it works. #1 rated in its category, backed by 25,000 five-star reviews. Grab yours now.",Telecom,0.014052,11279,2,3,2,2,1,3
"The skincare set you've been waiting for. The counterintuitive trick that doubled our results. Quality you can trust. Available now. Save $75 instantly and get free shipping over $50. #1 rated in its category, backed by 25,000 five-star reviews.",Beauty & Cosmetics,0.028693,72390,0,3,3,0,3,1
"The insurance plan you've been waiting for. Save $75 instantly and get free shipping over $50. #1 rated in its category, backed by 25,000 five-star reviews. Learn more. The counterintuitive trick that doubled our results. The luxury standard. Ends soon.",Insurance,0.006585,11527,1,3,3,0,3,0
The monthly donation you've been waiting for. For everyone. Final hours. Quality you can trust. A smarter choice. Grab yours now. The secret pros use.,Nonprofit,0.012215,53914,2,0,0,2,2,1
"The grain-free pet food you've been waiting for. The counterintuitive trick that doubled our results. Join 50,000 happy customers. The luxury standard. A smarter choice. Get started.",Pet Care,0.01665,141228,0,2,0,1,3,0
"The skincare set you've been waiting for. #1 rated in its category, backed by 25,000 five-star reviews. A new product. Only 24 hours left. Unbeatable price. Save on your order. Try it today.",Beauty & Cosmetics,0.036828,78854,2,3,1,1,0,3
"The unlimited data plan you've been waiting for. Quality you can trust. #1 rated in its category, backed by 25,000 five-star reviews. Shop the collection. Save 30% today. Shop now. The counterintuitive trick that doubled our results.",Telecom,0.01123,110215,0,3,2,1,3,1
"The insurance plan you've been waiting for. What nobody tells you about. Claim your discount. #1 rated in its category, backed by 25,000 five-star reviews. Today only. Save $75 instantly and get free shipping over $50. Affordable for everyone.",Insurance,0.01037,188560,2,3,3,2,2,2
The designer watch you've been waiting for. Shop the collection. The counterintuitive trick that doubled our results. Cut your bill by half. Premium craftsmanship.,Luxury Goods,0.007116,133333,0,0,2,0,3,0
The unlimited data plan you've been waiting for. Save $75 instantly and get free shipping over $50. Premium craftsmanship. Today only. What nobody tells you about. Shop now.,Telecom,0.01034,121590,2,0,3,1,2,0
The grain-free pet food you've been waiting for. A new product. Save 30% today. Start your free trial. Budget-friendly. Don't miss out.,Pet Care,0.02235,176696,1,0,2,2,0,2
The daily supplements you've been waiting for. Save 30% today. Only 24 hours left. Budget-friendly. Shop now. A new product. Highly rated.,Health & Wellness,0.014605,103096,2,1,2,1,0,2
"The skincare set you've been waiting for. Quality you can trust. Save $75 instantly and get free shipping over $50. Trusted by 10,000+ buyers. The counterintuitive trick that doubled our results. While supplies last. Learn more.",Beauty & Cosmetics,0.025158,122173,1,2,3,0,3,1
"The coffee subscription you've been waiting for. A new product. #1 rated in its category, backed by 25,000 five-star reviews. Get started. Real savings inside. Quality you can trust.",Food & Beverage,0.015536,118299,0,3,1,1,0,1
The monthly donation you've been waiting for. Here's why it works. Premium craftsmanship. Ends at midnight tonight. Save on your order. For everyone.,Nonprofit,0.010944,171864,3,0,1,0,1,0
"The game pass you've been waiting for. Shop now. Save 30% today. Lowest price guaranteed. The counterintuitive trick that doubled our results. #1 rated in its category, backed by 25,000 five-star reviews. Today only.",Gaming,0.038566,191194,2,3,2,1,3,3
"The game pass you've been waiting for. Real savings inside. Today only. #1 rated in its category, backed by 25,000 five-star reviews. The counterintuitive trick that doubled our results. Quality you can trust.",Gaming,0.030032,40379,2,3,1,0,3,1
"The training program you've been waiting for. What nobody tells you about. Rated 4.8/5 by thousands. Great value. Affordable for everyone. Start your free trial — no credit card, cancel anytime. Final hours.",Fitness,0.024039,15112,2,2,0,3,2,2
The online course you've been waiting for. Quality you can trust. Rated 4.8/5 by thousands. You'll want to see this. Great value. Get started. Today only.,Education / e-Learning,0.013895,192494,2,2,0,1,1,1
"The sneakers you've been waiting for. Ends at midnight tonight. Affordable for everyone. Claim your discount. The counterintuitive trick that doubled our results. Save $75 instantly and get free shipping over $50. #1 rated in its category, backed by 25,000 five-star reviews.",E-commerce Fashion,0.03437,67948,3,3,3,2,3,2
"The downtown condo you've been waiting for. Great value. Unbeatable price. Only 24 hours left. The counterintuitive trick that doubled our results. Trusted by 10,000+ buyers.",Real Estate,0.007897,5975,2,2,0,0,3,3
The wireless headphones you've been waiting for. Highly rated. Learn more. Budget-friendly. 48-hour flash sale. Save $75 instantly and get free shipping over $50.,Consumer Electronics,0.022501,168029,3,1,3,0,0,2
"The unlimited data plan you've been waiting for. Affordable for everyone. Trusted by 10,000+ buyers. Start your free trial — no credit card, cancel anytime. Real savings inside. Here's why it works.",Telecom,0.011669,168085,0,2,1,3,1,2
"The software suite you've been waiting for. Start your free trial — no credit card, cancel anytime. For everyone. A new product. Budget-friendly. Save $75 instantly and get free shipping over $50.",SaaS / B2B,0.009032,37437,0,0,3,3,0,2
The unlimited data plan you've been waiting for. Grab yours now. A new product. Loved by customers. Final hours. Cut your bill by half. The luxury standard.,Telecom,0.009776,34848,2,1,2,2,0,0
"The training program you've been waiting for. A new product. Learn more. Join 50,000 happy customers. Don't miss out. Quality you can trust. Save $75 instantly and get free shipping over $50.",Fitness,0.023304,76136,1,2,3,0,0,1
"The family sedan you've been waiting for. Here's why it works. For everyone. Start your free trial — no credit card, cancel anytime. Lowest price guaranteed. A smarter choice.",Automotive,0.007504,105544,0,0,0,3,1,3
The monthly donation you've been waiting for. Unbeatable price. A customer favorite. Shop the collection. Save $75 instantly and get free shipping over $50. You'll want to see this. Shop now.,Nonprofit,0.015024,133645,0,1,3,1,1,3
The training program you've been waiting for. Start your free trial. Don't miss out. Save $75 instantly and get free shipping over $50. The counterintuitive trick that doubled our results. Quality you can trust.,Fitness,0.02403,130966,1,0,3,2,3,1
The game pass you've been waiting for. Highly rated. Learn more. Don't miss out. Affordable for everyone. A smarter choice. The counterintuitive trick that doubled our results.,Gaming,0.026912,47656,1,1,0,0,3,2
The credit card you've been waiting for. A new product. Start your free trial. Loved by customers. Cut your bill by half. Shop the collection. The luxury standard.,Finance / Fintech,0.007998,138644,0,1,2,2,0,0
The grain-free pet food you've been waiting for. Highly rated. Unbeatable price. Save $75 instantly and get free shipping over $50. Learn more. 48-hour flash sale. Here's why it works.,Pet Care,0.033909,149509,3,1,3,0,1,3
The game pass you've been waiting for. Quality you can trust. The secret pros use. Save $75 instantly and get free shipping over $50. Loved by customers. Shop now. Ends at midnight tonight.,Gaming,0.038796,192698,3,1,3,1,2,1
The coffee subscription you've been waiting for. Learn more. 48-hour flash sale. Real savings inside. Lowest price guaranteed. What nobody tells you about.,Food & Beverage,0.024596,37886,3,0,1,0,2,3
"The monthly donation you've been waiting for. Real savings inside. Offer expires today — act now. Claim your discount. Budget-friendly. #1 rated in its category, backed by 25,000 five-star reviews. What nobody tells you about.",Nonprofit,0.016571,172926,3,3,1,2,2,2
"The online course you've been waiting for. Start your free trial — no credit card, cancel anytime. Quality you can trust. The counterintuitive trick that doubled our results. Real savings inside. Don't miss out. Loved by customers.",Education / e-Learning,0.01425,120338,1,1,1,3,3,1
The skincare set you've been waiting for. Try it today. Budget-friendly. Here's why it works. Save $75 instantly and get free shipping over $50. Last chance.,Beauty & Cosmetics,0.02739,92370,2,0,3,1,1,2
The family sedan you've been waiting for. Save on your order. Learn more. The counterintuitive trick that doubled our results. Ends soon. The luxury standard.,Automotive,0.00568,21478,1,0,1,0,3,0
"The wireless headphones you've been waiting for. Today only. A smarter choice. Learn more. Unbeatable price. Join 50,000 happy customers. Here's why it works.",Consumer Electronics,0.020036,187591,2,2,0,0,1,3
"The grain-free pet food you've been waiting for. Only 24 hours left. A smarter choice. A new product. Lowest price guaranteed. #1 rated in its category, backed by 25,000 five-star reviews. Claim your discount.",Pet Care,0.03142,123848,2,3,0,2,0,3
"The monthly donation you've been waiting for. A new product. Trusted by 10,000+ buyers. A smarter choice. Lowest price guaranteed. While supplies last.",Nonprofit,0.013416,50525,1,2,0,0,0,3
"The skincare set you've been waiting for. Learn more. The counterintuitive trick that doubled our results. A smarter choice. #1 rated in its category, backed by 25,000 five-star reviews. Quality you can trust.",Beauty & Cosmetics,0.021456,127988,0,3,0,0,3,1
The unlimited data plan you've been waiting for. Today only. Try it today. A new product. Rated 4.8/5 by thousands. Save $75 instantly and get free shipping over $50. Quality you can trust.,Telecom,0.011869,189911,2,2,3,1,0,1
The garden kit you've been waiting for. Here's why it works. Loved by customers. Ends soon. A smarter choice. Learn more. Quality you can trust.,Home & Garden,0.011251,190834,1,1,0,0,1,1
"The training program you've been waiting for. For everyone. A smarter choice. What nobody tells you about. Start your free trial — no credit card, cancel anytime. Final hours. The luxury standard.",Fitness,0.017967,133328,2,0,0,3,2,0
"The family sedan you've been waiting for. Premium craftsmanship. You'll want to see this. Ends soon. A customer favorite. Start your free trial — no credit card, cancel anytime. Save $75 instantly and get free shipping over $50.",Automotive,0.009033,7265,1,1,3,3,1,0
"The designer watch you've been waiting for. Quality you can trust. Ends at midnight tonight. Start your free trial — no credit card, cancel anytime. #1 rated in its category, backed by 25,000 five-star reviews. Real savings inside. You'll want to see this.",Luxury Goods,0.014138,144908,3,3,1,3,1,1
"The monthly donation you've been waiting for. Save 30% today. Join 50,000 happy customers. Budget-friendly. Shop the collection. Grab yours now.",Nonprofit,0.014693,78326,0,2,2,2,0,2
The grain-free pet food you've been waiting for. A customer favorite. Final hours. Unbeatable price. Get 40% off. The secret pros use. Learn more.,Pet Care,0.028493,145008,2,1,2,0,2,3
The online course you've been waiting for. A smarter choice. Affordable for everyone. Start your free trial. Highly rated. Offer expires today — act now. The counterintuitive trick that doubled our results.,Education / e-Learning,0.017851,100909,3,1,0,2,3,2
"The daily supplements you've been waiting for. Real savings inside. Ends at midnight tonight. A new product. Start your free trial — no credit card, cancel anytime. Lowest price guaranteed. Loved by customers.",Health & Wellness,0.025914,52524,3,1,1,3,0,3
The getaway package you've been waiting for. The luxury standard. Learn more. For everyone. Last chance. Save $75 instantly and get free shipping over $50. What nobody tells you about.,Travel & Hospitality,0.012767,35606,2,0,3,0,2,0
The grain-free pet food you've been waiting for. Final hours. A customer favorite. Quality you can trust. The secret pros use. A smarter choice. Get started.,Pet Care,0.01981,636,2,1,0,1,2,1
"The monthly donation you've been waiting for. Start your free trial — no credit card, cancel anytime. Premium craftsmanship. You'll want to see this. Great value. For everyone.",Nonprofit,0.008896,33059,0,0,0,3,1,0
"The wireless headphones you've been waiting for. Ends at midnight tonight. Save 30% today. You'll want to see this. Join 50,000 happy customers. Claim your discount. Unbeatable price.",Consumer Electronics,0.03295,77457,3,2,2,2,1,3
"The downtown condo you've been waiting for. #1 rated in its category, backed by 25,000 five-star reviews. Shop now. Save on your order. Offer expires today — act now. Quality you can trust. You'll want to see this.",Real Estate,0.008361,64646,3,3,1,1,1,1
"The training program you've been waiting for. Offer expires today — act now. The luxury standard. The counterintuitive trick that doubled our results. Trusted by 10,000+ buyers. Shop now. Get 40% off.",Fitness,0.026794,189809,3,2,2,1,3,0
"The streaming plan you've been waiting for. Affordable for everyone. Shop now. Trusted by 10,000+ buyers. Save $75 instantly and get free shipping over $50. What nobody tells you about. While supplies last.",Entertainment / Streaming,0.035043,188548,1,2,3,1,2,2
"The downtown condo you've been waiting for. Quality you can trust. You'll want to see this. Shop now. Ends at midnight tonight. Save 30% today. Trusted by 10,000+ buyers.",Real Estate,0.00833,185819,3,2,2,1,1,1
"The game pass you've been waiting for. Final hours. The secret pros use. A customer favorite. Lowest price guaranteed. Save $75 instantly and get free shipping over $50. Start your free trial — no credit card, cancel anytime.",Gaming,0.041741,138724,2,1,3,3,2,3
The monthly donation you've been waiting for. Affordable for everyone. Highly rated. Start your free trial. Save $75 instantly and get free shipping over $50. Last chance. The counterintuitive trick that doubled our results.,Nonprofit,0.015718,47945,2,1,3,2,3,2
"The designer watch you've been waiting for. Try it today. #1 rated in its category, backed by 25,000 five-star reviews. The luxury standard. Offer expires today — act now. Save $75 instantly and get free shipping over $50. The counterintuitive trick that doubled our results.",Luxury Goods,0.012777,125280,3,3,3,1,3,0
"The getaway package you've been waiting for. Save $75 instantly and get free shipping over $50. Start your free trial — no credit card, cancel anytime. A new product. Affordable for everyone. For everyone. Today only.",Travel & Hospitality,0.01685,13794,2,0,3,3,0,2
The credit card you've been waiting for. The counterintuitive trick that doubled our results. For everyone. The luxury standard. 48-hour flash sale. Cut your bill by half.,Finance / Fintech,0.010783,14684,3,0,2,0,3,0
"The insurance plan you've been waiting for. Save 30% today. Start your free trial — no credit card, cancel anytime. Rated 4.8/5 by thousands. A new product. Lowest price guaranteed. Shop the collection.",Insurance,0.00681,135391,0,2,2,3,0,3
"The monthly donation you've been waiting for. Quality you can trust. You'll want to see this. #1 rated in its category, backed by 25,000 five-star reviews. Get started. Last chance. Get 40% off.",Nonprofit,0.015001,153147,2,3,2,1,1,1
The online course you've been waiting for. A customer favorite. Grab yours now. Cut your bill by half. Available now. Unbeatable price. Here's why it works.,Education / e-Learning,0.01602,47907,0,1,2,2,1,3
The software suite you've been waiting for. Don't miss out. Save $75 instantly and get free shipping over $50. Try it today. Highly rated. Premium craftsmanship. What nobody tells you about.,SaaS / B2B,0.008826,73181,1,1,3,1,2,0
"The wireless headphones you've been waiting for. What nobody tells you about. Premium craftsmanship. Get started. #1 rated in its category, backed by 25,000 five-star reviews. Only 24 hours left. Save $75 instantly and get free shipping over $50.",Consumer Electronics,0.022288,2090,2,3,3,1,2,0
"The monthly donation you've been waiting for. The secret pros use. A smarter choice. Join 50,000 happy customers. Learn more. While supplies last. Quality you can trust.",Nonprofit,0.010333,140892,1,2,0,0,2,1
The credit card you've been waiting for. Quality you can trust. Grab yours now. Get 40% off. Here's why it works. Shop the collection.,Finance / Fintech,0.009369,9173,0,0,2,2,1,1
"The designer watch you've been waiting for. What nobody tells you about. Real savings inside. Offer expires today — act now. Start your free trial — no credit card, cancel anytime. Lowest price guaranteed.",Luxury Goods,0.011752,168707,3,0,1,3,2,3
"The game pass you've been waiting for. Save $75 instantly and get free shipping over $50. #1 rated in its category, backed by 25,000 five-star reviews. A new product. 48-hour flash sale. Premium craftsmanship. Grab yours now.",Gaming,0.036577,86561,3,3,3,2,0,0
The coffee subscription you've been waiting for. Claim your discount. Save $75 instantly and get free shipping over $50. Only 24 hours left. Quality you can trust. Loved by customers.,Food & Beverage,0.020808,96033,2,1,3,2,0,1
The monthly donation you've been waiting for. Unbeatable price. While supplies last. Real savings inside. The secret pros use.,Nonprofit,0.01182,58978,1,0,1,0,2,3
The streaming plan you've been waiting for. Shop now. While supplies last. Save $75 instantly and get free shipping over $50. The luxury standard. What nobody tells you about. For everyone.,Entertainment / Streaming,0.022012,65819,1,0,3,1,2,0
The skincare set you've been waiting for. The counterintuitive trick that doubled our results. Real savings inside. Try it today. Quality you can trust. For everyone. Today only.,Beauty & Cosmetics,0.021404,2239,2,0,1,1,3,1
The designer watch you've been waiting for. For everyone. Get started. Save $75 instantly and get free shipping over $50. Don't miss out. The luxury standard.,Luxury Goods,0.006893,186326,1,0,3,1,0,0
The coffee subscription you've been waiting for. Rated 4.8/5 by thousands. Real savings inside. Affordable for everyone. Don't miss out. What nobody tells you about.,Food & Beverage,0.021247,129258,1,2,1,0,2,2
"The garden kit you've been waiting for. #1 rated in its category, backed by 25,000 five-star reviews. Offer expires today — act now. Save $75 instantly and get free shipping over $50. Budget-friendly.",Home & Garden,0.021795,22995,3,3,3,0,0,2
The unlimited data plan you've been waiting for. The counterintuitive trick that doubled our results. Available now. For everyone. Quality you can trust. Save $75 instantly and get free shipping over $50.,Telecom,0.009684,104444,0,0,3,0,3,1
The garden kit you've been waiting for. Start your free trial. Offer expires today — act now. Save on your order. The counterintuitive trick that doubled our results. Highly rated. Premium craftsmanship.,Home & Garden,0.01741,140967,3,1,1,2,3,0
"The family sedan you've been waiting for. Real savings inside. The counterintuitive trick that doubled our results. Start your free trial — no credit card, cancel anytime. While supplies last. Affordable for everyone.",Automotive,0.008423,183395,1,0,1,3,3,2
"The designer watch you've been waiting for. For everyone. Start your free trial — no credit card, cancel anytime. Don't miss out. Great value. The secret pros use. Affordable for everyone.",Luxury Goods,0.010144,20270,1,0,0,3,2,2
"The garden kit you've been waiting for. The counterintuitive trick that doubled our results. For everyone. Quality you can trust. Save 30% today. Start your free trial — no credit card, cancel anytime.",Home & Garden,0.016423,141175,0,0,2,3,3,1
"The daily supplements you've been waiting for. Affordable for everyone. #1 rated in its category, backed by 25,000 five-star reviews. Start your free trial — no credit card, cancel anytime. Only 24 hours left. Great value.",Health & Wellness,0.020828,35932,2,3,0,3,0,2
"The getaway package you've been waiting for. You'll want to see this. Save on your order. Quality you can trust. Today only. Start your free trial — no credit card, cancel anytime. Rated 4.8/5 by thousands.",Travel & Hospitality,0.016812,73090,2,2,1,3,1,1
The skincare set you've been waiting for. Affordable for everyone. A new product. Get 40% off. Try it today. Don't miss out. For everyone.,Beauty & Cosmetics,0.024281,178280,1,0,2,1,0,2
"The monthly donation you've been waiting for. Available now. Start your free trial — no credit card, cancel anytime. Quality you can trust. You'll want to see this. Real savings inside. A customer favorite.",Nonprofit,0.012218,48286,0,1,1,3,1,1
The streaming plan you've been waiting for. You'll want to see this. Affordable for everyone. Save $75 instantly and get free shipping over $50. Don't miss out. Shop now.,Entertainment / Streaming,0.024814,144575,1,0,3,1,1,2
The family sedan you've been waiting for. Highly rated. Unbeatable price. Grab yours now. What nobody tells you about. A smarter choice. Final hours.,Automotive,0.010899,113313,2,1,0,2,2,3
"The garden kit you've been waiting for. Claim your discount. Affordable for everyone. Don't miss out. Join 50,000 happy customers. Real savings inside. The counterintuitive trick that doubled our results.",Home & Garden,0.019511,100570,1,2,1,2,3,2
The online course you've been waiting for. Cut your bill by half. The luxury standard. For everyone. Learn more. While supplies last. What nobody tells you about.,Education / e-Learning,0.00928,99740,1,0,2,0,2,0
The family sedan you've been waiting for. Get 40% off. Start your free trial. Premium craftsmanship. Ends soon. What nobody tells you about. Loved by customers.,Automotive,0.008056,104937,1,1,2,2,2,0
The getaway package you've been waiting for. Great value. Start your free trial. A new product. Quality you can trust. Highly rated. Last chance.,Travel & Hospitality,0.015262,72566,2,1,0,2,0,1
"The software suite you've been waiting for. Shop the collection. The luxury standard. Learn more. What nobody tells you about. #1 rated in its category, backed by 25,000 five-star reviews. Save $75 instantly and get free shipping over $50.",SaaS / B2B,0.009671,183194,0,3,3,0,2,0
"The getaway package you've been waiting for. Don't miss out. Quality you can trust. Start your free trial — no credit card, cancel anytime. What nobody tells you about. Save 30% today. Join 50,000 happy customers.",Travel & Hospitality,0.018837,186084,1,2,2,3,2,1
"The unlimited data plan you've been waiting for. #1 rated in its category, backed by 25,000 five-star reviews. Start your free trial. What nobody tells you about. Save $75 instantly and get free shipping over $50. Premium craftsmanship.",Telecom,0.010844,142237,0,3,3,2,2,0
"The coffee subscription you've been waiting for. Ends at midnight tonight. Save $75 instantly and get free shipping over $50. Get started. The counterintuitive trick that doubled our results. Lowest price guaranteed. #1 rated in its category, backed by 25,000 five-star reviews.",Food & Beverage,0.034819,20788,3,3,3,1,3,3
The family sedan you've been waiting for. Lowest price guaranteed. Rated 4.8/5 by thousands. 48-hour flash sale. Great value.,Automotive,0.011035,61969,3,2,0,0,0,3
"The daily supplements you've been waiting for. Save on your order. A new product. Ends soon. Trusted by 10,000+ buyers. Get started. Quality you can trust.",Health & Wellness,0.015367,4825,1,2,1,1,0,1
"The daily supplements you've been waiting for. Ends at midnight tonight. A new product. A customer favorite. Start your free trial — no credit card, cancel anytime. Save 30% today. Quality you can trust.",Health & Wellness,0.0202,143918,3,1,2,3,0,1
The skincare set you've been waiting for. Cut your bill by half. Shop the collection. Lowest price guaranteed. The counterintuitive trick that doubled our results. Rated 4.8/5 by thousands. Try it today.,Beauty & Cosmetics,0.030438,74971,0,2,2,1,3,3
The family sedan you've been waiting for. Highly rated. 48-hour flash sale. Save 30% today. The luxury standard. The counterintuitive trick that doubled our results.,Automotive,0.009422,119715,3,1,2,0,3,0
"The downtown condo you've been waiting for. Shop the collection. #1 rated in its category, backed by 25,000 five-star reviews. Affordable for everyone. Save $75 instantly and get free shipping over $50. You'll want to see this.",Real Estate,0.008911,157388,0,3,3,0,1,2
"The getaway package you've been waiting for. #1 rated in its category, backed by 25,000 five-star reviews. Get started. Real savings inside. Here's why it works. Lowest price guaranteed. 48-hour flash sale.",Travel & Hospitality,0.01973,1987,3,3,1,1,1,3
The grain-free pet food you've been waiting for. Lowest price guaranteed. The secret pros use. Get 40% off. Try it today. Loved by customers. Shop the collection.,Pet Care,0.025717,172233,0,1,2,1,2,3
"The monthly donation you've been waiting for. Unbeatable price. Highly rated. Ends at midnight tonight. A new product. Great value. Start your free trial — no credit card, cancel anytime.",Nonprofit,0.015379,50567,3,1,0,3,0,3
The coffee subscription you've been waiting for. A smarter choice. Don't miss out. Start your free trial. Rated 4.8/5 by thousands. Affordable for everyone. A new product.,Food & Beverage,0.021782,81799,1,2,0,2,0,2
"The downtown condo you've been waiting for. Get started. The secret pros use. Join 50,000 happy customers. Lowest price guaranteed. A smarter choice.",Real Estate,0.007598,70731,0,2,0,1,2,3
"The garden kit you've been waiting for. What nobody tells you about. Unbeatable price. Learn more. Save $75 instantly and get free shipping over $50. 48-hour flash sale. Trusted by 10,000+ buyers.",Home & Garden,0.024893,84443,3,2,3,0,2,3
"The getaway package you've been waiting for. The counterintuitive trick that doubled our results. While supplies last. Loved by customers. The luxury standard. Start your free trial — no credit card, cancel anytime. Get 40% off.",Travel & Hospitality,0.017087,77476,1,1,2,3,3,0
The family sedan you've been waiting for. Real savings inside. Highly rated. Ends soon. Budget-friendly. A new product.,Automotive,0.008433,16130,1,1,1,0,0,2
The training program you've been waiting for. Rated 4.8/5 by thousands. Get 40% off. Ends at midnight tonight. Lowest price guaranteed.,Fitness,0.031673,79074,3,2,2,0,0,3
The skincare set you've been waiting for. Save $75 instantly and get free shipping over $50. A new product. Ends at midnight tonight. Loved by customers. Claim your discount. Unbeatable price.,Beauty & Cosmetics,0.03859,99631,3,1,3,2,0,3
"The designer watch you've been waiting for. You'll want to see this. Shop now. Trusted by 10,000+ buyers. Premium craftsmanship. A smarter choice. Available now.",Luxury Goods,0.006336,145172,0,2,0,1,1,0
"The software suite you've been waiting for. Start your free trial — no credit card, cancel anytime. Budget-friendly. A new product. While supplies last. #1 rated in its category, backed by 25,000 five-star reviews. Save on your order.",SaaS / B2B,0.012883,32834,1,3,1,3,0,2
The wireless headphones you've been waiting for. The luxury standard. Here's why it works. Grab yours now. Don't miss out. A smarter choice.,Consumer Electronics,0.012501,51855,1,0,0,2,1,0
"The credit card you've been waiting for. A new product. Quality you can trust. Offer expires today — act now. #1 rated in its category, backed by 25,000 five-star reviews. Real savings inside. Get started.",Finance / Fintech,0.012798,39005,3,3,1,1,0,1
The insurance plan you've been waiting for. Rated 4.8/5 by thousands. What nobody tells you about. Claim your discount. Available now. Lowest price guaranteed. Get 40% off.,Insurance,0.008124,17290,0,2,2,2,2,3
"The credit card you've been waiting for. Cut your bill by half. Claim your discount. While supplies last. #1 rated in its category, backed by 25,000 five-star reviews. Premium craftsmanship. The counterintuitive trick that doubled our results.",Finance / Fintech,0.0134,179440,1,3,2,2,3,0
"The grain-free pet food you've been waiting for. Budget-friendly. While supplies last. Save $75 instantly and get free shipping over $50. Start your free trial — no credit card, cancel anytime. Trusted by 10,000+ buyers. The secret pros use.",Pet Care,0.031291,140919,1,2,3,3,2,2
The garden kit you've been waiting for. Available now. Quality you can trust. Save $75 instantly and get free shipping over $50. Learn more. What nobody tells you about.,Home & Garden,0.012595,132589,0,0,3,0,2,1
"The monthly donation you've been waiting for. The secret pros use. The luxury standard. Try it today. 48-hour flash sale. #1 rated in its category, backed by 25,000 five-star reviews. Great value.",Nonprofit,0.014471,157330,3,3,0,1,2,0
The skincare set you've been waiting for. Rated 4.8/5 by thousands. A smarter choice. 48-hour flash sale. The secret pros use. Start your free trial. Affordable for everyone.,Beauty & Cosmetics,0.030302,154965,3,2,0,2,2,2
"The downtown condo you've been waiting for. Lowest price guaranteed. #1 rated in its category, backed by 25,000 five-star reviews. What nobody tells you about. Cut your bill by half. Don't miss out.",Real Estate,0.010151,186348,1,3,2,0,2,3
The grain-free pet food you've been waiting for. Quality you can trust. While supplies last. The counterintuitive trick that doubled our results. Highly rated. Learn more. Get 40% off.,Pet Care,0.021415,138162,1,1,2,0,3,1
The online course you've been waiting for. Start your free trial. Save $75 instantly and get free shipping over $50. Premium craftsmanship. What nobody tells you about. Available now. A customer favorite.,Education / e-Learning,0.012928,131281,0,1,3,2,2,0
The wireless headphones you've been waiting for. Save $75 instantly and get free shipping over $50. Unbeatable price. Ends soon. Learn more. A customer favorite.,Consumer Electronics,0.020454,87037,1,1,3,0,0,3
The game pass you've been waiting for. Save $75 instantly and get free shipping over $50. Learn more. You'll want to see this. Quality you can trust.,Gaming,0.025503,68977,0,0,3,0,1,1
"The skincare set you've been waiting for. While supplies last. #1 rated in its category, backed by 25,000 five-star reviews. Start your free trial — no credit card, cancel anytime. Real savings inside. The luxury standard. The counterintuitive trick that doubled our results.",Beauty & Cosmetics,0.028974,79003,1,3,1,3,3,0
"The credit card you've been waiting for. What nobody tells you about. #1 rated in its category, backed by 25,000 five-star reviews. While supplies last. Lowest price guaranteed. Save 30% today. Start your free trial — no credit card, cancel anytime.",Finance / Fintech,0.014541,32492,1,3,2,3,2,3
The grain-free pet food you've been waiting for. A smarter choice. Budget-friendly. Learn more. The counterintuitive trick that doubled our results. Don't miss out. For everyone.,Pet Care,0.022012,90471,1,0,0,0,3,2
The software suite you've been waiting for. For everyone. Grab yours now. Get 40% off. Offer expires today — act now. Premium craftsmanship. The counterintuitive trick that doubled our results.,SaaS / B2B,0.010431,50416,3,0,2,2,3,0
The designer watch you've been waiting for. Great value. Rated 4.8/5 by thousands. Affordable for everyone. Get started. Available now.,Luxury Goods,0.008556,100100,0,2,0,1,0,2
"The getaway package you've been waiting for. Save $75 instantly and get free shipping over $50. While supplies last. Trusted by 10,000+ buyers. Quality you can trust. You'll want to see this.",Travel & Hospitality,0.014959,69929,1,2,3,0,1,1
The sneakers you've been waiting for. Affordable for everyone. Rated 4.8/5 by thousands. Real savings inside. Final hours. Learn more.,E-commerce Fashion,0.023902,62094,2,2,1,0,0,2
"The designer watch you've been waiting for. #1 rated in its category, backed by 25,000 five-star reviews. The secret pros use. Unbeatable price. Shop the collection. Save $75 instantly and get free shipping over $50. Shop now.",Luxury Goods,0.011965,124206,0,3,3,1,2,3
The software suite you've been waiting for. A new product. Affordable for everyone. Great value. For everyone. 48-hour flash sale.,SaaS / B2B,0.009168,4214,3,0,0,0,0,2
The online course you've been waiting for. Great value. Here's why it works. Affordable for everyone. Rated 4.8/5 by thousands. Ends soon. Try it today.,Education / e-Learning,0.014091,138664,1,2,0,1,1,2
"The software suite you've been waiting for. Here's why it works. Start your free trial — no credit card, cancel anytime. Quality you can trust. Save $75 instantly and get free shipping over $50. Only 24 hours left. Join 50,000 happy customers.",SaaS / B2B,0.013285,45270,2,2,3,3,1,1
The grain-free pet food you've been waiting for. Save on your order. For everyone. Start your free trial. Affordable for everyone. Offer expires today — act now. Here's why it works.,Pet Care,0.030063,172047,3,0,1,2,1,2
"The coffee subscription you've been waiting for. Premium craftsmanship. Save on your order. Learn more. Trusted by 10,000+ buyers.",Food & Beverage,0.014488,133224,0,2,1,0,0,0
"The garden kit you've been waiting for. 48-hour flash sale. Claim your discount. #1 rated in its category, backed by 25,000 five-star reviews. Budget-friendly. What nobody tells you about. Save $75 instantly and get free shipping over $50.",Home & Garden,0.026127,199558,3,3,3,2,2,2
"The monthly donation you've been waiting for. Save on your order. Don't miss out. A customer favorite. Budget-friendly. Start your free trial — no credit card, cancel anytime.",Nonprofit,0.013689,70952,1,1,1,3,0,2
"The streaming plan you've been waiting for. The secret pros use. 48-hour flash sale. Real savings inside. Start your free trial — no credit card, cancel anytime. #1 rated in its category, backed by 25,000 five-star reviews. Premium craftsmanship.",Entertainment / Streaming,0.034521,123338,3,3,1,3,2,0
The coffee subscription you've been waiting for. What nobody tells you about. Budget-friendly. Highly rated. Shop now. Save $75 instantly and get free shipping over $50. Today only.,Food & Beverage,0.026722,154697,2,1,3,1,2,2
"The skincare set you've been waiting for. Great value. Highly rated. The luxury standard. Start your free trial — no credit card, cancel anytime. Today only.",Beauty & Cosmetics,0.022165,102038,2,1,0,3,0,0
The coffee subscription you've been waiting for. Ends at midnight tonight. Quality you can trust. Great value. Start your free trial. The secret pros use. Rated 4.8/5 by thousands.,Food & Beverage,0.022178,8499,3,2,0,2,2,1
The game pass you've been waiting for. Offer expires today — act now. Claim your discount. The counterintuitive trick that doubled our results. Save on your order. Rated 4.8/5 by thousands. Unbeatable price.,Gaming,0.046067,188398,3,2,1,2,3,3
"The coffee subscription you've been waiting for. Only 24 hours left. Unbeatable price. A smarter choice. Start your free trial — no credit card, cancel anytime. Trusted by 10,000+ buyers.",Food & Beverage,0.025226,30723,2,2,0,3,0,3
"The monthly donation you've been waiting for. #1 rated in its category, backed by 25,000 five-star reviews. Great value. Learn more. Premium craftsmanship. The counterintuitive trick that doubled our results. Shop the collection.",Nonprofit,0.009076,49244,0,3,0,0,3,0
The game pass you've been waiting for. Save $75 instantly and get free shipping over $50. Claim your discount. Shop the collection. Lowest price guaranteed. Rated 4.8/5 by thousands. The counterintuitive trick that doubled our results.,Gaming,0.036819,89909,0,2,3,2,3,3
The sneakers you've been waiting for. Learn more. For everyone. Save $75 instantly and get free shipping over $50. Premium craftsmanship. The counterintuitive trick that doubled our results.,E-commerce Fashion,0.017557,189751,0,0,3,0,3,0
The grain-free pet food you've been waiting for. Learn more. Budget-friendly. Real savings inside. For everyone. Today only. The counterintuitive trick that doubled our results.,Pet Care,0.022321,34451,2,0,1,0,3,2
"The garden kit you've been waiting for. Here's why it works. Ends soon. Lowest price guaranteed. Get started. Get 40% off. Trusted by 10,000+ buyers.",Home & Garden,0.018732,74430,1,2,2,1,1,3
The insurance plan you've been waiting for. Start your free trial. Rated 4.8/5 by thousands. Cut your bill by half. Unbeatable price. The counterintuitive trick that doubled our results. Available now.,Insurance,0.008155,148652,0,2,2,2,3,3
"The game pass you've been waiting for. #1 rated in its category, backed by 25,000 five-star reviews. Great value. Learn more. The secret pros use. 48-hour flash sale. The luxury standard.",Gaming,0.025976,38026,3,3,0,0,2,0
The designer watch you've been waiting for. Save $75 instantly and get free shipping over $50. Quality you can trust. The counterintuitive trick that doubled our results. For everyone. Get started. Don't miss out.,Luxury Goods,0.009714,190810,1,0,3,1,3,1
"The online course you've been waiting for. For everyone. Start your free trial — no credit card, cancel anytime. Great value. Ends at midnight tonight. Quality you can trust.",Education / e-Learning,0.014232,5653,3,0,0,3,0,1
"The game pass you've been waiting for. Rated 4.8/5 by thousands. 48-hour flash sale. Here's why it works. Start your free trial — no credit card, cancel anytime. The luxury standard. Save $75 instantly and get free shipping over $50.",Gaming,0.042209,125140,3,2,3,3,1,0
"The monthly donation you've been waiting for. Save $75 instantly and get free shipping over $50. Shop the collection. Here's why it works. Affordable for everyone. Trusted by 10,000+ buyers. Start your free trial — no credit card, cancel anytime.",Nonprofit,0.01557,76141,0,2,3,3,1,2
"The sneakers you've been waiting for. The counterintuitive trick that doubled our results. Start your free trial — no credit card, cancel anytime. Get 40% off. Premium craftsmanship. Ends at midnight tonight. #1 rated in its category, backed by 25,000 five-star reviews.",E-commerce Fashion,0.029522,198452,3,3,2,3,3,0
"The wireless headphones you've been waiting for. What nobody tells you about. Get 40% off. Claim your discount. 48-hour flash sale. Trusted by 10,000+ buyers. Quality you can trust.",Consumer Electronics,0.026735,134348,3,2,2,2,2,1
"The getaway package you've been waiting for. The luxury standard. The secret pros use. For everyone. Ends soon. Start your free trial — no credit card, cancel anytime. Save $75 instantly and get free shipping over $50.",Travel & Hospitality,0.015172,76575,1,0,3,3,2,0
"The monthly donation you've been waiting for. Start your free trial — no credit card, cancel anytime. Rated 4.8/5 by thousands. The counterintuitive trick that doubled our results. Real savings inside. Affordable for everyone. 48-hour flash sale.",Nonprofit,0.01876,102972,3,2,1,3,3,2
"The downtown condo you've been waiting for. Real savings inside. Shop the collection. The counterintuitive trick that doubled our results. Lowest price guaranteed. #1 rated in its category, backed by 25,000 five-star reviews. Shop now.",Real Estate,0.008549,111232,0,3,1,1,3,3
"The family sedan you've been waiting for. Save on your order. Here's why it works. Shop now. Quality you can trust. #1 rated in its category, backed by 25,000 five-star reviews. Last chance.",Automotive,0.010535,193987,2,3,1,1,1,1
The training program you've been waiting for. Get started. For everyone. The luxury standard. Available now. Save 30% today.,Fitness,0.012536,33091,0,0,2,1,0,0
The downtown condo you've been waiting for. You'll want to see this. Save $75 instantly and get free shipping over $50. Grab yours now. Offer expires today — act now. Unbeatable price.,Real Estate,0.011809,171567,3,0,3,2,1,3
The grain-free pet food you've been waiting for. For everyone. Final hours. Try it today. Lowest price guaranteed. Great value.,Pet Care,0.022725,34325,2,0,0,1,0,3
"The skincare set you've been waiting for. Unbeatable price. Start your free trial — no credit card, cancel anytime. Today only. Get 40% off. A customer favorite. The counterintuitive trick that doubled our results.",Beauty & Cosmetics,0.035923,132269,2,1,2,3,3,3
The training program you've been waiting for. A customer favorite. Save $75 instantly and get free shipping over $50. Quality you can trust. Start your free trial. You'll want to see this.,Fitness,0.020516,112149,0,1,3,2,1,1
"The monthly donation you've been waiting for. Save $75 instantly and get free shipping over $50. Start your free trial — no credit card, cancel anytime. A customer favorite. The counterintuitive trick that doubled our results. Budget-friendly. Don't miss out.",Nonprofit,0.014516,178229,1,1,3,3,3,2
"The software suite you've been waiting for. #1 rated in its category, backed by 25,000 five-star reviews. Save $75 instantly and get free shipping over $50. Quality you can trust. Claim your discount. Don't miss out. You'll want to see this.",SaaS / B2B,0.011946,75651,1,3,3,2,1,1
The garden kit you've been waiting for. A new product. Claim your discount. Great value. Quality you can trust. Final hours.,Home & Garden,0.014318,115186,2,0,0,2,0,1
"The insurance plan you've been waiting for. A customer favorite. You'll want to see this. Start your free trial — no credit card, cancel anytime. Shop the collection. Affordable for everyone. A smarter choice.",Insurance,0.005879,48406,0,1,0,3,1,2
The skincare set you've been waiting for. Claim your discount. Here's why it works. Save $75 instantly and get free shipping over $50. Highly rated. Last chance. Quality you can trust.,Beauty & Cosmetics,0.030363,78645,2,1,3,2,1,1
The wireless headphones you've been waiting for. A customer favorite. Quality you can trust. Save on your order. Shop the collection. Grab yours now. You'll want to see this.,Consumer Electronics,0.015937,11270,0,1,1,2,1,1
The software suite you've been waiting for. For everyone. Budget-friendly. Great value. What nobody tells you about. Ends soon.,SaaS / B2B,0.007723,61852,1,0,0,0,2,2
The skincare set you've been waiting for. Offer expires today — act now. Save $75 instantly and get free shipping over $50. For everyone. Budget-friendly. Learn more. Here's why it works.,Beauty & Cosmetics,0.023873,27971,3,0,3,0,1,2
The family sedan you've been waiting for. Great value. The counterintuitive trick that doubled our results. Rated 4.8/5 by thousands. Grab yours now. Ends at midnight tonight. Quality you can trust.,Automotive,0.009786,108221,3,2,0,2,3,1
The daily supplements you've been waiting for. Claim your discount. Real savings inside. Quality you can trust.,Health & Wellness,0.012002,81568,0,0,1,2,0,1
"The software suite you've been waiting for. Only 24 hours left. Start your free trial — no credit card, cancel anytime. The luxury standard. Trusted by 10,000+ buyers. Save on your order. What nobody tells you about.",SaaS / B2B,0.010625,104866,2,2,1,3,2,0
"The downtown condo you've been waiting for. 48-hour flash sale. For everyone. Real savings inside. A new product. Start your free trial — no credit card, cancel anytime. Quality you can trust.",Real Estate,0.007666,77812,3,0,1,3,0,1
"The unlimited data plan you've been waiting for. 48-hour flash sale. Save on your order. The counterintuitive trick that doubled our results. Start your free trial — no credit card, cancel anytime. A customer favorite. Quality you can trust.",Telecom,0.014351,172040,3,1,1,3,3,1
"The getaway package you've been waiting for. A new product. Join 50,000 happy customers. Last chance. Budget-friendly. Cut your bill by half. Start your free trial — no credit card, cancel anytime.",Travel & Hospitality,0.018944,99079,2,2,2,3,0,2
"The online course you've been waiting for. Join 50,000 happy customers. The counterintuitive trick that doubled our results. Cut your bill by half. Start your free trial — no credit card, cancel anytime. Lowest price guaranteed.",Education / e-Learning,0.017195,46262,0,2,2,3,3,3
The insurance plan you've been waiting for. Claim your discount. Rated 4.8/5 by thousands. Real savings inside. 48-hour flash sale. Here's why it works. Premium craftsmanship.,Insurance,0.006708,59559,3,2,1,2,1,0
The monthly donation you've been waiting for. Premium craftsmanship. Learn more. What nobody tells you about. For everyone. Available now. Great value.,Nonprofit,0.007047,96783,0,0,0,0,2,0
The online course you've been waiting for. Save on your order. Ends at midnight tonight. Loved by customers. Try it today. You'll want to see this. The luxury standard.,Education / e-Learning,0.013932,158733,3,1,1,1,1,0
"The getaway package you've been waiting for. Lowest price guaranteed. Great value. The counterintuitive trick that doubled our results. #1 rated in its category, backed by 25,000 five-star reviews. Final hours. Shop now.",Travel & Hospitality,0.019504,35268,2,3,0,1,3,3
"The game pass you've been waiting for. Great value. Lowest price guaranteed. Offer expires today — act now. Trusted by 10,000+ buyers. A new product. Claim your discount.",Gaming,0.044672,115819,3,2,0,2,0,3
The daily supplements you've been waiting for. Start your free trial. Quality you can trust. Last chance. Real savings inside. The counterintuitive trick that doubled our results.,Health & Wellness,0.017987,1351,2,0,1,2,3,1
The game pass you've been waiting for. Lowest price guaranteed. Try it today. A customer favorite. Here's why it works. Shop the collection. Save on your order.,Gaming,0.027894,164278,0,1,1,1,1,3
The family sedan you've been waiting for. Save $75 instantly and get free shipping over $50. The luxury standard. Grab yours now. You'll want to see this. Rated 4.8/5 by thousands. Offer expires today — act now.,Automotive,0.010815,40635,3,2,3,2,1,0
"The software suite you've been waiting for. Real savings inside. Unbeatable price. Get started. #1 rated in its category, backed by 25,000 five-star reviews.",SaaS / B2B,0.009267,65846,0,3,1,1,0,3
"The credit card you've been waiting for. The secret pros use. Real savings inside. Budget-friendly. #1 rated in its category, backed by 25,000 five-star reviews.",Finance / Fintech,0.0132,178800,0,3,1,0,2,2
The unlimited data plan you've been waiting for. Lowest price guaranteed. Highly rated. Great value. Ends at midnight tonight. A new product.,Telecom,0.009583,168860,3,1,0,0,0,3
The unlimited data plan you've been waiting for. Learn more. Unbeatable price. Here's why it works. Save on your order. Only 24 hours left.,Telecom,0.01171,91824,2,0,1,0,1,3
The daily supplements you've been waiting for. Today only. The luxury standard. A customer favorite. A new product. Get 40% off. Learn more.,Health & Wellness,0.015393,2637,2,1,2,0,0,0
The training program you've been waiting for. Save on your order. Here's why it works. Premium craftsmanship. A customer favorite. Final hours.,Fitness,0.016414,69974,2,1,1,0,1,0
The insurance plan you've been waiting for. Last chance. The secret pros use. Quality you can trust. Grab yours now. For everyone. Real savings inside.,Insurance,0.006935,184994,2,0,1,2,2,1
"The monthly donation you've been waiting for. Start your free trial — no credit card, cancel anytime. A smarter choice. The counterintuitive trick that doubled our results. Premium craftsmanship.",Nonprofit,0.008673,1591,0,0,0,3,3,0
The garden kit you've been waiting for. While supplies last. The counterintuitive trick that doubled our results. The luxury standard. Grab yours now. A smarter choice.,Home & Garden,0.011284,32113,1,0,0,2,3,0
The sneakers you've been waiting for. Save on your order. Available now. Quality you can trust. Start your free trial. The counterintuitive trick that doubled our results.,E-commerce Fashion,0.018367,90914,0,0,1,2,3,1
"The credit card you've been waiting for. Only 24 hours left. Here's why it works. #1 rated in its category, backed by 25,000 five-star reviews. Shop now. Cut your bill by half. Quality you can trust.",Finance / Fintech,0.014364,69902,2,3,2,1,1,1
The unlimited data plan you've been waiting for. For everyone. The counterintuitive trick that doubled our results. Quality you can trust. Save on your order.,Telecom,0.007467,118946,0,0,1,0,3,1
The wireless headphones you've been waiting for. Start your free trial. For everyone. Only 24 hours left. What nobody tells you about. Real savings inside. Budget-friendly.,Consumer Electronics,0.019911,18342,2,0,1,2,2,2
"The game pass you've been waiting for. Highly rated. Start your free trial — no credit card, cancel anytime. Affordable for everyone. The secret pros use. Only 24 hours left. Save $75 instantly and get free shipping over $50.",Gaming,0.036036,57519,2,1,3,3,2,2
The unlimited data plan you've been waiting for. Cut your bill by half. Ends at midnight tonight. For everyone. Affordable for everyone. Get started.,Telecom,0.013678,183847,3,0,2,1,0,2
The sneakers you've been waiting for. Real savings inside. While supplies last. Claim your discount. The luxury standard. Here's why it works.,E-commerce Fashion,0.017592,24326,1,0,1,2,1,0
"The streaming plan you've been waiting for. A new product. Premium craftsmanship. Last chance. Cut your bill by half. Start your free trial — no credit card, cancel anytime. Highly rated.",Entertainment / Streaming,0.027458,24219,2,1,2,3,0,0
The software suite you've been waiting for. A new product. Affordable for everyone. Shop now. A customer favorite. Great value. Ends soon.,SaaS / B2B,0.008142,183699,1,1,0,1,0,2
"The credit card you've been waiting for. Start your free trial — no credit card, cancel anytime. The counterintuitive trick that doubled our results. Today only. Save 30% today. Budget-friendly.",Finance / Fintech,0.013685,191975,2,0,2,3,3,2
"The getaway package you've been waiting for. Here's why it works. Start your free trial — no credit card, cancel anytime. Save 30% today. Loved by customers. 48-hour flash sale. Quality you can trust.",Travel & Hospitality,0.020715,5050,3,1,2,3,1,1
"The unlimited data plan you've been waiting for. #1 rated in its category, backed by 25,000 five-star reviews. The counterintuitive trick that doubled our results. Save $75 instantly and get free shipping over $50. Today only. Lowest price guaranteed. Start your free trial — no credit card, cancel anytime.",Telecom,0.016563,183081,2,3,3,3,3,3
The getaway package you've been waiting for. Get started. Rated 4.8/5 by thousands. Real savings inside. Lowest price guaranteed. Last chance.,Travel & Hospitality,0.018615,42280,2,2,1,1,0,3
The insurance plan you've been waiting for. Quality you can trust. Offer expires today — act now. Learn more. Here's why it works. A customer favorite. Real savings inside.,Insurance,0.006683,76845,3,1,1,0,1,1
"The game pass you've been waiting for. Save $75 instantly and get free shipping over $50. A customer favorite. Start your free trial — no credit card, cancel anytime. Quality you can trust. Don't miss out. You'll want to see this.",Gaming,0.03599,143428,1,1,3,3,1,1
"The getaway package you've been waiting for. A new product. Save 30% today. Last chance. Premium craftsmanship. For everyone. Start your free trial — no credit card, cancel anytime.",Travel & Hospitality,0.014415,10332,2,0,2,3,0,0
"The sneakers you've been waiting for. Join 50,000 happy customers. Shop the collection. Save $75 instantly and get free shipping over $50. Quality you can trust. Start your free trial — no credit card, cancel anytime. What nobody tells you about.",E-commerce Fashion,0.022438,185424,0,2,3,3,2,1
"The family sedan you've been waiting for. Start your free trial — no credit card, cancel anytime. Don't miss out. Affordable for everyone. You'll want to see this. Save $75 instantly and get free shipping over $50.",Automotive,0.007748,65899,1,0,3,3,1,2
"The software suite you've been waiting for. Cut your bill by half. Get started. Shop the collection. #1 rated in its category, backed by 25,000 five-star reviews. The counterintuitive trick that doubled our results. Premium craftsmanship.",SaaS / B2B,0.009881,191467,0,3,2,1,3,0
"The garden kit you've been waiting for. Start your free trial — no credit card, cancel anytime. The secret pros use. Affordable for everyone. Today only. Save $75 instantly and get free shipping over $50.",Home & Garden,0.020277,105874,2,0,3,3,2,2
"The garden kit you've been waiting for. A smarter choice. Unbeatable price. Start your free trial. Trusted by 10,000+ buyers. Today only. The counterintuitive trick that doubled our results.",Home & Garden,0.021923,39915,2,2,0,2,3,3
"The skincare set you've been waiting for. Today only. Get started. A smarter choice. Affordable for everyone. Trusted by 10,000+ buyers. Here's why it works.",Beauty & Cosmetics,0.026812,133701,2,2,0,1,1,2
"The insurance plan you've been waiting for. Affordable for everyone. Start your free trial. #1 rated in its category, backed by 25,000 five-star reviews. Shop the collection. Cut your bill by half. Here's why it works.",Insurance,0.007966,134472,0,3,2,2,1,2
The grain-free pet food you've been waiting for. 48-hour flash sale. Affordable for everyone. Great value. The secret pros use. Highly rated.,Pet Care,0.021,156140,3,1,0,0,2,2
"The insurance plan you've been waiting for. Here's why it works. Quality you can trust. Join 50,000 happy customers. Real savings inside. Start your free trial — no credit card, cancel anytime.",Insurance,0.006621,191634,0,2,1,3,1,1
The grain-free pet food you've been waiting for. The counterintuitive trick that doubled our results. Highly rated. Ends at midnight tonight. Cut your bill by half. Budget-friendly.,Pet Care,0.024478,57223,3,1,2,0,3,2
"The sneakers you've been waiting for. #1 rated in its category, backed by 25,000 five-star reviews. Ends soon. A smarter choice. Start your free trial — no credit card, cancel anytime. Budget-friendly.",E-commerce Fashion,0.027717,43200,1,3,0,3,0,2
"The skincare set you've been waiting for. Shop the collection. Budget-friendly. Start your free trial. The counterintuitive trick that doubled our results. Save $75 instantly and get free shipping over $50. #1 rated in its category, backed by 25,000 five-star reviews.",Beauty & Cosmetics,0.031265,174236,0,3,3,2,3,2
"The software suite you've been waiting for. Affordable for everyone. While supplies last. #1 rated in its category, backed by 25,000 five-star reviews. Get 40% off. What nobody tells you about.",SaaS / B2B,0.012527,122435,1,3,2,0,2,2
The monthly donation you've been waiting for. 48-hour flash sale. Save $75 instantly and get free shipping over $50. Affordable for everyone. The counterintuitive trick that doubled our results.,Nonprofit,0.015576,168132,3,0,3,0,3,2
"The grain-free pet food you've been waiting for. Here's why it works. A smarter choice. Start your free trial. #1 rated in its category, backed by 25,000 five-star reviews. Final hours. Affordable for everyone.",Pet Care,0.026931,10305,2,3,0,2,1,2
The unlimited data plan you've been waiting for. Save on your order. Start your free trial. Only 24 hours left. The counterintuitive trick that doubled our results. Budget-friendly.,Telecom,0.01174,8948,2,0,1,2,3,2
The monthly donation you've been waiting for. Great value. Quality you can trust. For everyone. Get started. You'll want to see this.,Nonprofit,0.008285,66138,0,0,0,1,1,1
"The designer watch you've been waiting for. You'll want to see this. Start your free trial — no credit card, cancel anytime. While supplies last. Quality you can trust. Great value. Loved by customers.",Luxury Goods,0.007908,41577,1,1,0,3,1,1
"The credit card you've been waiting for. The secret pros use. Rated 4.8/5 by thousands. Quality you can trust. Only 24 hours left. Start your free trial — no credit card, cancel anytime. Save 30% today.",Finance / Fintech,0.014133,113726,2,2,2,3,2,1
The downtown condo you've been waiting for. Affordable for everyone. Save on your order. Rated 4.8/5 by thousands. Shop now.,Real Estate,0.007133,26942,0,2,1,1,0,2
"The insurance plan you've been waiting for. Last chance. Lowest price guaranteed. Join 50,000 happy customers. Save 30% today. Learn more.",Insurance,0.007451,143403,2,2,2,0,0,3
"The coffee subscription you've been waiting for. The counterintuitive trick that doubled our results. Final hours. Save on your order. The luxury standard. #1 rated in its category, backed by 25,000 five-star reviews.",Food & Beverage,0.01931,22160,2,3,1,0,3,0
"The streaming plan you've been waiting for. Join 50,000 happy customers. Cut your bill by half. Only 24 hours left. Claim your discount. The luxury standard. The counterintuitive trick that doubled our results.",Entertainment / Streaming,0.032842,65091,2,2,2,2,3,0
The grain-free pet food you've been waiting for. Here's why it works. Ends soon. Real savings inside. Quality you can trust.,Pet Care,0.016971,103878,1,0,1,0,1,1
"The daily supplements you've been waiting for. Start your free trial — no credit card, cancel anytime. Real savings inside. Available now. Quality you can trust. The secret pros use.",Health & Wellness,0.013671,168502,0,0,1,3,2,1
The insurance plan you've been waiting for. Quality you can trust. For everyone. Final hours. Learn more. Save 30% today. Here's why it works.,Insurance,0.005892,196810,2,0,2,0,1,1
The daily supplements you've been waiting for. Highly rated. Premium craftsmanship. A smarter choice. Grab yours now.,Health & Wellness,0.010871,105519,0,1,0,2,0,0
"The credit card you've been waiting for. Unbeatable price. #1 rated in its category, backed by 25,000 five-star reviews. Save 30% today. You'll want to see this. Shop the collection.",Finance / Fintech,0.013849,59608,0,3,2,0,1,3
"The game pass you've been waiting for. 48-hour flash sale. The luxury standard. Get started. #1 rated in its category, backed by 25,000 five-star reviews. Cut your bill by half.",Gaming,0.031983,28367,3,3,2,1,0,0
"The training program you've been waiting for. Ends soon. #1 rated in its category, backed by 25,000 five-star reviews. Real savings inside. Here's why it works. Learn more. Unbeatable price.",Fitness,0.024467,130708,1,3,1,0,1,3
"The sneakers you've been waiting for. A smarter choice. Only 24 hours left. #1 rated in its category, backed by 25,000 five-star reviews. Quality you can trust. Try it today.",E-commerce Fashion,0.02392,157836,2,3,0,1,0,1
The unlimited data plan you've been waiting for. Shop now. Quality you can trust. Real savings inside. Ends soon. A new product.,Telecom,0.008082,61396,1,0,1,1,0,1
"The getaway package you've been waiting for. Lowest price guaranteed. Get 40% off. Offer expires today — act now. Trusted by 10,000+ buyers. Get started. You'll want to see this.",Travel & Hospitality,0.020372,553,3,2,2,1,1,3
"The garden kit you've been waiting for. #1 rated in its category, backed by 25,000 five-star reviews. Save on your order. Available now. Budget-friendly. Start your free trial — no credit card, cancel anytime. The counterintuitive trick that doubled our results.",Home & Garden,0.020172,181102,0,3,1,3,3,2
The sneakers you've been waiting for. While supplies last. What nobody tells you about. Learn more. Save $75 instantly and get free shipping over $50. For everyone. Lowest price guaranteed.,E-commerce Fashion,0.024015,159693,1,0,3,0,2,3
The coffee subscription you've been waiting for. Final hours. A smarter choice. Shop now. The secret pros use. Loved by customers. Quality you can trust.,Food & Beverage,0.018443,30715,2,1,0,1,2,1
"The software suite you've been waiting for. Premium craftsmanship. Learn more. Final hours. The counterintuitive trick that doubled our results. #1 rated in its category, backed by 25,000 five-star reviews. Great value.",SaaS / B2B,0.008345,81703,2,3,0,0,3,0
"The monthly donation you've been waiting for. Trusted by 10,000+ buyers. Save $75 instantly and get free shipping over $50. Unbeatable price. Grab yours now. Final hours.",Nonprofit,0.017876,62958,2,2,3,2,0,3
The getaway package you've been waiting for. Grab yours now. Shop the collection. Lowest price guaranteed. For everyone. Great value.,Travel & Hospitality,0.014823,110260,0,0,0,2,0,3
The grain-free pet food you've been waiting for. Loved by customers. Claim your discount. Premium craftsmanship. The secret pros use. Available now. Save $75 instantly and get free shipping over $50.,Pet Care,0.022779,107206,0,1,3,2,2,0
"The streaming plan you've been waiting for. 48-hour flash sale. For everyone. Start your free trial — no credit card, cancel anytime. Cut your bill by half. Quality you can trust. The counterintuitive trick that doubled our results.",Entertainment / Streaming,0.035861,41836,3,0,2,3,3,1
"The downtown condo you've been waiting for. Save $75 instantly and get free shipping over $50. Quality you can trust. Try it today. The counterintuitive trick that doubled our results. Available now. #1 rated in its category, backed by 25,000 five-star reviews.",Real Estate,0.009072,27210,0,3,3,1,3,1
"The training program you've been waiting for. Real savings inside. Trusted by 10,000+ buyers. Claim your discount. The counterintuitive trick that doubled our results. Quality you can trust. While supplies last.",Fitness,0.019726,180900,1,2,1,2,3,1
"The online course you've been waiting for. Claim your discount. You'll want to see this. #1 rated in its category, backed by 25,000 five-star reviews. A smarter choice. While supplies last. Lowest price guaranteed.",Education / e-Learning,0.015861,112495,1,3,0,2,1,3
"The training program you've been waiting for. Affordable for everyone. You'll want to see this. Last chance. Join 50,000 happy customers. A smarter choice.",Fitness,0.022951,151320,2,2,0,0,1,2
The skincare set you've been waiting for. Save 30% today. Final hours. For everyone. Quality you can trust. A new product. Grab yours now.,Beauty & Cosmetics,0.023485,15462,2,0,2,2,0,1
"The downtown condo you've been waiting for. Start your free trial — no credit card, cancel anytime. The luxury standard. Get 40% off. Final hours. The counterintuitive trick that doubled our results.",Real Estate,0.00798,186297,2,0,2,3,3,0
The online course you've been waiting for. Real savings inside. The secret pros use. Start your free trial. Final hours. Quality you can trust. Highly rated.,Education / e-Learning,0.015725,96543,2,1,1,2,2,1
The sneakers you've been waiting for. Save $75 instantly and get free shipping over $50. The counterintuitive trick that doubled our results. Shop the collection. Shop now. Lowest price guaranteed. For everyone.,E-commerce Fashion,0.026302,13418,0,0,3,1,3,3
The monthly donation you've been waiting for. Unbeatable price. Don't miss out. You'll want to see this. Get started. Save $75 instantly and get free shipping over $50.,Nonprofit,0.015859,103407,1,0,3,1,1,3
"The software suite you've been waiting for. Quality you can trust. Save $75 instantly and get free shipping over $50. Trusted by 10,000+ buyers. Shop the collection. Learn more. The counterintuitive trick that doubled our results.",SaaS / B2B,0.009341,40688,0,2,3,0,3,1
"The family sedan you've been waiting for. What nobody tells you about. The luxury standard. Real savings inside. Final hours. Start your free trial — no credit card, cancel anytime. #1 rated in its category, backed by 25,000 five-star reviews.",Automotive,0.010207,129100,2,3,1,3,2,0
The wireless headphones you've been waiting for. Start your free trial. Don't miss out. The secret pros use. For everyone. Save $75 instantly and get free shipping over $50. Quality you can trust.,Consumer Electronics,0.02086,148271,1,0,3,2,2,1
The unlimited data plan you've been waiting for. Unbeatable price. Highly rated. What nobody tells you about. Shop the collection. Claim your discount. Save $75 instantly and get free shipping over $50.,Telecom,0.012301,168459,0,1,3,2,2,3
"The game pass you've been waiting for. Real savings inside. Last chance. Start your free trial — no credit card, cancel anytime. Highly rated. Quality you can trust.",Gaming,0.031846,188344,2,1,1,3,0,1
"The skincare set you've been waiting for. Don't miss out. What nobody tells you about. #1 rated in its category, backed by 25,000 five-star reviews. Shop now. Real savings inside. Quality you can trust.",Beauty & Cosmetics,0.027626,152896,1,3,1,1,2,1
"The daily supplements you've been waiting for. Unbeatable price. Save on your order. Available now. The counterintuitive trick that doubled our results. For everyone. Start your free trial — no credit card, cancel anytime.",Health & Wellness,0.018898,148995,0,0,1,3,3,3
The designer watch you've been waiting for. Only 24 hours left. A new product. Rated 4.8/5 by thousands. Shop now. Save $75 instantly and get free shipping over $50. Lowest price guaranteed.,Luxury Goods,0.012607,36594,2,2,3,1,0,3
The grain-free pet food you've been waiting for. Lowest price guaranteed. For everyone. Last chance. You'll want to see this. Try it today. Cut your bill by half.,Pet Care,0.025726,103168,2,0,2,1,1,3
"The game pass you've been waiting for. Save $75 instantly and get free shipping over $50. Start your free trial — no credit card, cancel anytime. #1 rated in its category, backed by 25,000 five-star reviews. While supplies last. The counterintuitive trick that doubled our results. Premium craftsmanship.",Gaming,0.040386,34672,1,3,3,3,3,0
The unlimited data plan you've been waiting for. Great value. The counterintuitive trick that doubled our results. Highly rated. Learn more. The luxury standard. Last chance.,Telecom,0.008588,22867,2,1,0,0,3,0
The wireless headphones you've been waiting for. Claim your discount. The secret pros use. Rated 4.8/5 by thousands. A smarter choice. Premium craftsmanship. Available now.,Consumer Electronics,0.012844,17784,0,2,0,2,2,0
The credit card you've been waiting for. The secret pros use. For everyone. Premium craftsmanship. Save $75 instantly and get free shipping over $50. Learn more. Only 24 hours left.,Finance / Fintech,0.009387,116747,2,0,3,0,2,0
"The credit card you've been waiting for. Real savings inside. The secret pros use. #1 rated in its category, backed by 25,000 five-star reviews. Shop the collection. Affordable for everyone. Grab yours now.",Finance / Fintech,0.011719,134001,0,3,1,2,2,2
"The credit card you've been waiting for. The luxury standard. #1 rated in its category, backed by 25,000 five-star reviews. Learn more. Real savings inside. A new product. Final hours.",Finance / Fintech,0.010147,108807,2,3,1,0,0,0
"The unlimited data plan you've been waiting for. Quality you can trust. Get 40% off. The counterintuitive trick that doubled our results. #1 rated in its category, backed by 25,000 five-star reviews.",Telecom,0.01057,188042,0,3,2,0,3,1
The streaming plan you've been waiting for. Available now. Learn more. A smarter choice. Quality you can trust. The secret pros use.,Entertainment / Streaming,0.016994,178754,0,0,0,0,2,1
The training program you've been waiting for. Save $75 instantly and get free shipping over $50. Get started. Quality you can trust. While supplies last. You'll want to see this. Rated 4.8/5 by thousands.,Fitness,0.024559,35462,1,2,3,1,1,1
The credit card you've been waiting for. The secret pros use. Lowest price guaranteed. Try it today. Real savings inside. While supplies last.,Finance / Fintech,0.011855,141243,1,0,1,1,2,3
"The insurance plan you've been waiting for. #1 rated in its category, backed by 25,000 five-star reviews. The secret pros use. Available now. Quality you can trust. Cut your bill by half. Learn more.",Insurance,0.005846,118287,0,3,2,0,2,1
"The software suite you've been waiting for. Highly rated. Affordable for everyone. Start your free trial — no credit card, cancel anytime. The counterintuitive trick that doubled our results. Ends at midnight tonight. Real savings inside.",SaaS / B2B,0.013567,91414,3,1,1,3,3,2
"The getaway package you've been waiting for. You'll want to see this. #1 rated in its category, backed by 25,000 five-star reviews. While supplies last. Quality you can trust. Save $75 instantly and get free shipping over $50. Get started.",Travel & Hospitality,0.015536,44809,1,3,3,1,1,1
The getaway package you've been waiting for. The secret pros use. Budget-friendly. Claim your discount. Get 40% off.,Travel & Hospitality,0.013501,116088,0,0,2,2,2,2
The grain-free pet food you've been waiting for. Lowest price guaranteed. Ends soon. Shop now. A smarter choice. The counterintuitive trick that doubled our results. Loved by customers.,Pet Care,0.02554,164993,1,1,0,1,3,3
"The daily supplements you've been waiting for. Start your free trial — no credit card, cancel anytime. Save on your order. Only 24 hours left. Budget-friendly. What nobody tells you about. #1 rated in its category, backed by 25,000 five-star reviews.",Health & Wellness,0.024691,128852,2,3,1,3,2,2
"The getaway package you've been waiting for. Save $75 instantly and get free shipping over $50. What nobody tells you about. A customer favorite. Start your free trial — no credit card, cancel anytime. Ends at midnight tonight. The luxury standard.",Travel & Hospitality,0.016694,78149,3,1,3,3,2,0
The designer watch you've been waiting for. Offer expires today — act now. Save $75 instantly and get free shipping over $50. Loved by customers. Learn more. What nobody tells you about. Quality you can trust.,Luxury Goods,0.012119,101551,3,1,3,0,2,1
"The getaway package you've been waiting for. Get 40% off. Quality you can trust. While supplies last. Trusted by 10,000+ buyers. Grab yours now. The counterintuitive trick that doubled our results.",Travel & Hospitality,0.017577,81927,1,2,2,2,3,1
"The software suite you've been waiting for. For everyone. Start your free trial — no credit card, cancel anytime. Save 30% today. Premium craftsmanship. Last chance. Here's why it works.",SaaS / B2B,0.008849,141475,2,0,2,3,1,0
The online course you've been waiting for. Rated 4.8/5 by thousands. Shop now. Save on your order. The secret pros use. Quality you can trust. Shop the collection.,Education / e-Learning,0.011167,3912,0,2,1,1,2,1
The family sedan you've been waiting for. What nobody tells you about. Save $75 instantly and get free shipping over $50. 48-hour flash sale. Unbeatable price. A customer favorite. Shop now.,Automotive,0.011451,80674,3,1,3,1,2,3
"The daily supplements you've been waiting for. Ends at midnight tonight. Grab yours now. Save $75 instantly and get free shipping over $50. Unbeatable price. The secret pros use. Trusted by 10,000+ buyers.",Health & Wellness,0.028432,140865,3,2,3,2,2,3
"The grain-free pet food you've been waiting for. Great value. The secret pros use. Final hours. Lowest price guaranteed. Shop now. #1 rated in its category, backed by 25,000 five-star reviews.",Pet Care,0.029206,184760,2,3,0,1,2,3
"The credit card you've been waiting for. Offer expires today — act now. A new product. Start your free trial — no credit card, cancel anytime. Quality you can trust. A smarter choice. #1 rated in its category, backed by 25,000 five-star reviews.",Finance / Fintech,0.013888,76795,3,3,0,3,0,1
The getaway package you've been waiting for. Rated 4.8/5 by thousands. Quality you can trust. Save on your order. Offer expires today — act now. You'll want to see this.,Travel & Hospitality,0.015719,89917,3,2,1,0,1,1
The skincare set you've been waiting for. Get 40% off. The luxury standard. The counterintuitive trick that doubled our results. For everyone. While supplies last. Try it today.,Beauty & Cosmetics,0.019298,103790,1,0,2,1,3,0
"The software suite you've been waiting for. Start your free trial — no credit card, cancel anytime. For everyone. While supplies last. Premium craftsmanship. The counterintuitive trick that doubled our results. Save 30% today.",SaaS / B2B,0.008952,18542,1,0,2,3,3,0
The getaway package you've been waiting for. Premium craftsmanship. Here's why it works. Real savings inside. Loved by customers. Today only.,Travel & Hospitality,0.011488,50353,2,1,1,0,1,0
The daily supplements you've been waiting for. Quality you can trust. Highly rated. Ends soon. Save 30% today. What nobody tells you about. Learn more.,Health & Wellness,0.015648,114528,1,1,2,0,2,1
The wireless headphones you've been waiting for. Get started. Get 40% off. Loved by customers. Ends soon. Unbeatable price.,Consumer Electronics,0.021822,61953,1,1,2,1,0,3
"The monthly donation you've been waiting for. Save on your order. Affordable for everyone. The secret pros use. 48-hour flash sale. Start your free trial — no credit card, cancel anytime. Join 50,000 happy customers.",Nonprofit,0.017227,73267,3,2,1,3,2,2
"The sneakers you've been waiting for. #1 rated in its category, backed by 25,000 five-star reviews. Quality you can trust. A smarter choice. Ends soon. Claim your discount. The secret pros use.",E-commerce Fashion,0.022204,68915,1,3,0,2,2,1
"The credit card you've been waiting for. Trusted by 10,000+ buyers. A smarter choice. Offer expires today — act now. Premium craftsmanship. The counterintuitive trick that doubled our results. Get started.",Finance / Fintech,0.011939,98125,3,2,0,1,3,0
"The unlimited data plan you've been waiting for. 48-hour flash sale. Join 50,000 happy customers. Get started. Affordable for everyone. A new product. A smarter choice.",Telecom,0.013142,57373,3,2,0,1,0,2
"The family sedan you've been waiting for. Don't miss out. The secret pros use. Trusted by 10,000+ buyers. Great value. Quality you can trust. Start your free trial — no credit card, cancel anytime.",Automotive,0.008367,53760,1,2,0,3,2,1
The monthly donation you've been waiting for. For everyone. Here's why it works. Get started. Save $75 instantly and get free shipping over $50. The luxury standard. Don't miss out.,Nonprofit,0.009695,48167,1,0,3,1,1,0
"The skincare set you've been waiting for. Here's why it works. Offer expires today — act now. Start your free trial — no credit card, cancel anytime. Great value. #1 rated in its category, backed by 25,000 five-star reviews. Lowest price guaranteed.",Beauty & Cosmetics,0.037418,45630,3,3,0,3,1,3
The getaway package you've been waiting for. Ends soon. A customer favorite. Premium craftsmanship. Real savings inside.,Travel & Hospitality,0.009508,30024,1,1,1,0,0,0
"The grain-free pet food you've been waiting for. What nobody tells you about. Trusted by 10,000+ buyers. Get started. Quality you can trust. 48-hour flash sale. Save $75 instantly and get free shipping over $50.",Pet Care,0.030884,165822,3,2,3,1,2,1
The downtown condo you've been waiting for. For everyone. Quality you can trust. Save $75 instantly and get free shipping over $50. Try it today. The counterintuitive trick that doubled our results.,Real Estate,0.006608,2444,0,0,3,1,3,1
"The online course you've been waiting for. #1 rated in its category, backed by 25,000 five-star reviews. Here's why it works. Start your free trial — no credit card, cancel anytime. Unbeatable price. Save 30% today.",Education / e-Learning,0.017643,12170,0,3,2,3,1,3
The streaming plan you've been waiting for. A customer favorite. Premium craftsmanship. Start your free trial. Ends soon. The counterintuitive trick that doubled our results. Save $75 instantly and get free shipping over $50.,Entertainment / Streaming,0.030923,49020,1,1,3,2,3,0
"The training program you've been waiting for. Today only. Start your free trial — no credit card, cancel anytime. Here's why it works. A smarter choice. Rated 4.8/5 by thousands. Quality you can trust.",Fitness,0.025173,118577,2,2,0,3,1,1
"The family sedan you've been waiting for. You'll want to see this. Available now. The luxury standard. #1 rated in its category, backed by 25,000 five-star reviews. A smarter choice.",Automotive,0.006194,60565,0,3,0,0,1,0
The downtown condo you've been waiting for. You'll want to see this. Learn more. Affordable for everyone. Highly rated. Don't miss out. Save on your order.,Real Estate,0.006711,3857,1,1,1,0,1,2
The garden kit you've been waiting for. Premium craftsmanship. Highly rated. Don't miss out. Save $75 instantly and get free shipping over $50.,Home & Garden,0.012983,162155,1,1,3,0,0,0
The online course you've been waiting for. Loved by customers. Offer expires today — act now. The luxury standard. What nobody tells you about. Save $75 instantly and get free shipping over $50. Shop now.,Education / e-Learning,0.013955,163737,3,1,3,1,2,0
The grain-free pet food you've been waiting for. Start your free trial. Rated 4.8/5 by thousands. Available now. What nobody tells you about. The luxury standard. Great value.,Pet Care,0.016837,32722,0,2,0,2,2,0
The coffee subscription you've been waiting for. 48-hour flash sale. Affordable for everyone. Save on your order. The counterintuitive trick that doubled our results. Shop now.,Food & Beverage,0.02307,99388,3,0,1,1,3,2
The daily supplements you've been waiting for. Highly rated. Ends at midnight tonight. Get 40% off. Affordable for everyone. The secret pros use. Start your free trial.,Health & Wellness,0.023129,69950,3,1,2,2,2,2
The garden kit you've been waiting for. Get 40% off. Affordable for everyone. Try it today. What nobody tells you about. Ends at midnight tonight.,Home & Garden,0.018996,89102,3,0,2,1,2,2
"The family sedan you've been waiting for. #1 rated in its category, backed by 25,000 five-star reviews. A new product. Quality you can trust. Try it today. Shop the collection. Great value.",Automotive,0.007262,137627,0,3,0,1,0,1
The garden kit you've been waiting for. Premium craftsmanship. Great value. You'll want to see this. Rated 4.8/5 by thousands. While supplies last.,Home & Garden,0.01145,31910,1,2,0,0,1,0
"The streaming plan you've been waiting for. Start your free trial — no credit card, cancel anytime. The secret pros use. Affordable for everyone. Trusted by 10,000+ buyers. Available now. Save 30% today.",Entertainment / Streaming,0.03283,196040,0,2,2,3,2,2
The insurance plan you've been waiting for. Don't miss out. Unbeatable price. Learn more. Loved by customers. A smarter choice.,Insurance,0.006016,15927,1,1,0,0,0,3
"The daily supplements you've been waiting for. A smarter choice. Budget-friendly. #1 rated in its category, backed by 25,000 five-star reviews. While supplies last. Get started. What nobody tells you about.",Health & Wellness,0.019271,195465,1,3,0,1,2,2
The family sedan you've been waiting for. Quality you can trust. Highly rated. The counterintuitive trick that doubled our results. Claim your discount. Don't miss out. Save $75 instantly and get free shipping over $50.,Automotive,0.009503,61205,1,1,3,2,3,1
"The daily supplements you've been waiting for. Unbeatable price. Here's why it works. Ends at midnight tonight. A smarter choice. Start your free trial — no credit card, cancel anytime.",Health & Wellness,0.020412,121927,3,0,0,3,1,3
The family sedan you've been waiting for. Cut your bill by half. Budget-friendly. The counterintuitive trick that doubled our results. Ends soon.,Automotive,0.007403,31963,1,0,2,0,3,2
"The insurance plan you've been waiting for. Shop the collection. Premium craftsmanship. What nobody tells you about. A smarter choice. Shop now. Trusted by 10,000+ buyers.",Insurance,0.004908,11343,0,2,0,1,2,0
"The skincare set you've been waiting for. Ends soon. Quality you can trust. Save $75 instantly and get free shipping over $50. A new product. Start your free trial — no credit card, cancel anytime. #1 rated in its category, backed by 25,000 five-star reviews.",Beauty & Cosmetics,0.032978,130624,1,3,3,3,0,1
The credit card you've been waiting for. Quality you can trust. Save $75 instantly and get free shipping over $50. Only 24 hours left. For everyone. Start your free trial. What nobody tells you about.,Finance / Fintech,0.012639,145896,2,0,3,2,2,1
"The software suite you've been waiting for. Shop now. Save $75 instantly and get free shipping over $50. Trusted by 10,000+ buyers. Premium craftsmanship. You'll want to see this. Shop the collection.",SaaS / B2B,0.009023,70990,0,2,3,1,1,0
The wireless headphones you've been waiting for. Unbeatable price. What nobody tells you about. Get 40% off. Available now.,Consumer Electronics,0.019758,137889,0,0,2,0,2,3
"The unlimited data plan you've been waiting for. Ends soon. Great value. #1 rated in its category, backed by 25,000 five-star reviews. Unbeatable price. The secret pros use.",Telecom,0.011909,131895,1,3,0,0,2,3
"The unlimited data plan you've been waiting for. The secret pros use. #1 rated in its category, backed by 25,000 five-star reviews. Start your free trial — no credit card, cancel anytime. While supplies last. Save $75 instantly and get free shipping over $50. Unbeatable price.",Telecom,0.015737,99155,1,3,3,3,2,3
"The family sedan you've been waiting for. Offer expires today — act now. Get 40% off. A customer favorite. Start your free trial — no credit card, cancel anytime. The counterintuitive trick that doubled our results. Quality you can trust.",Automotive,0.012122,8164,3,1,2,3,3,1
"The getaway package you've been waiting for. Get 40% off. While supplies last. What nobody tells you about. Budget-friendly. Join 50,000 happy customers.",Travel & Hospitality,0.016584,35842,1,2,2,0,2,2
"The family sedan you've been waiting for. You'll want to see this. Final hours. A smarter choice. Grab yours now. The luxury standard. Join 50,000 happy customers.",Automotive,0.008689,109891,2,2,0,2,1,0
"The monthly donation you've been waiting for. Start your free trial — no credit card, cancel anytime. A customer favorite. Budget-friendly. Real savings inside. Only 24 hours left.",Nonprofit,0.015076,164828,2,1,1,3,0,2
The downtown condo you've been waiting for. Today only. A smarter choice. Budget-friendly. The counterintuitive trick that doubled our results.,Real Estate,0.007169,44621,2,0,0,0,3,2
The insurance plan you've been waiting for. The secret pros use. Shop the collection. Grab yours now. Loved by customers. Lowest price guaranteed. Great value.,Insurance,0.006723,181298,0,1,0,2,2,3
"The getaway package you've been waiting for. A new product. Get 40% off. Trusted by 10,000+ buyers. Ends at midnight tonight. Budget-friendly.",Travel & Hospitality,0.021246,157174,3,2,2,0,0,2
"The online course you've been waiting for. Get 40% off. Start your free trial — no credit card, cancel anytime. For everyone. Quality you can trust. Ends soon. A new product.",Education / e-Learning,0.012663,15087,1,0,2,3,0,1
The insurance plan you've been waiting for. Grab yours now. The counterintuitive trick that doubled our results. Today only. For everyone. Premium craftsmanship. Real savings inside.,Insurance,0.005637,82464,2,0,1,2,3,0
The monthly donation you've been waiting for. Unbeatable price. Get 40% off. Ends soon. Shop now. What nobody tells you about. A customer favorite.,Nonprofit,0.015403,30001,1,1,2,1,2,3
"The credit card you've been waiting for. Only 24 hours left. What nobody tells you about. Budget-friendly. Save on your order. #1 rated in its category, backed by 25,000 five-star reviews.",Finance / Fintech,0.013531,161119,2,3,1,0,2,2
"The game pass you've been waiting for. #1 rated in its category, backed by 25,000 five-star reviews. Quality you can trust. Cut your bill by half. The counterintuitive trick that doubled our results.",Gaming,0.031196,25973,0,3,2,0,3,1
"The streaming plan you've been waiting for. The counterintuitive trick that doubled our results. Start your free trial — no credit card, cancel anytime. Premium craftsmanship. Cut your bill by half. Highly rated.",Entertainment / Streaming,0.026686,117957,0,1,2,3,3,0
"The online course you've been waiting for. #1 rated in its category, backed by 25,000 five-star reviews. What nobody tells you about. Don't miss out. Great value. Lowest price guaranteed.",Education / e-Learning,0.014288,63487,1,3,0,0,2,3
"The sneakers you've been waiting for. Highly rated. Start your free trial — no credit card, cancel anytime. While supplies last. Budget-friendly. The counterintuitive trick that doubled our results. Cut your bill by half.",E-commerce Fashion,0.024952,110820,1,1,2,3,3,2
The insurance plan you've been waiting for. Loved by customers. Save on your order. Here's why it works. Get started. While supplies last. Quality you can trust.,Insurance,0.005264,55787,1,1,1,1,1,1
The unlimited data plan you've been waiting for. 48-hour flash sale. Lowest price guaranteed. A customer favorite. Claim your discount. You'll want to see this. Save 30% today.,Telecom,0.015087,140757,3,1,2,2,1,3
The skincare set you've been waiting for. Affordable for everyone. Save 30% today. While supplies last. You'll want to see this. Learn more.,Beauty & Cosmetics,0.023437,762,1,0,2,0,1,2
"The designer watch you've been waiting for. Shop the collection. Grab yours now. Real savings inside. Join 50,000 happy customers. The secret pros use. Budget-friendly.",Luxury Goods,0.010473,132904,0,2,1,2,2,2
"The unlimited data plan you've been waiting for. Final hours. #1 rated in its category, backed by 25,000 five-star reviews. Affordable for everyone. Save on your order. The secret pros use. Start your free trial — no credit card, cancel anytime.",Telecom,0.014597,47212,2,3,1,3,2,2
"The skincare set you've been waiting for. Ends at midnight tonight. You'll want to see this. Affordable for everyone. #1 rated in its category, backed by 25,000 five-star reviews. Save 30% today. Get started.",Beauty & Cosmetics,0.032522,44935,3,3,2,1,1,2
"The grain-free pet food you've been waiting for. You'll want to see this. Quality you can trust. 48-hour flash sale. Start your free trial — no credit card, cancel anytime. Real savings inside. Trusted by 10,000+ buyers.",Pet Care,0.026249,49827,3,2,1,3,1,1
"The getaway package you've been waiting for. Lowest price guaranteed. Start your free trial. Get 40% off. 48-hour flash sale. Join 50,000 happy customers.",Travel & Hospitality,0.021376,152888,3,2,2,2,0,3
"The software suite you've been waiting for. Great value. Quality you can trust. Grab yours now. Join 50,000 happy customers. Available now.",SaaS / B2B,0.007772,184486,0,2,0,2,0,1
"The game pass you've been waiting for. Start your free trial. The counterintuitive trick that doubled our results. Today only. #1 rated in its category, backed by 25,000 five-star reviews. Premium craftsmanship. Save $75 instantly and get free shipping over $50.",Gaming,0.039943,179563,2,3,3,2,3,0
The grain-free pet food you've been waiting for. Quality you can trust. Try it today. Get 40% off. A new product. Today only.,Pet Care,0.020038,89589,2,0,2,1,0,1
"The credit card you've been waiting for. What nobody tells you about. Start your free trial — no credit card, cancel anytime. Trusted by 10,000+ buyers. Only 24 hours left. Premium craftsmanship. Great value.",Finance / Fintech,0.011876,5821,2,2,0,3,2,0
The sneakers you've been waiting for. A new product. Lowest price guaranteed. Cut your bill by half. Claim your discount. A customer favorite. Today only.,E-commerce Fashion,0.029253,79360,2,1,2,2,0,3
"The credit card you've been waiting for. Start your free trial — no credit card, cancel anytime. Real savings inside. Here's why it works. Quality you can trust. Shop the collection.",Finance / Fintech,0.008763,75950,0,0,1,3,1,1
"The family sedan you've been waiting for. Save on your order. Final hours. Budget-friendly. #1 rated in its category, backed by 25,000 five-star reviews. What nobody tells you about.",Automotive,0.009992,59431,2,3,1,0,2,2
"The grain-free pet food you've been waiting for. Start your free trial — no credit card, cancel anytime. Premium craftsmanship. Loved by customers. You'll want to see this. Real savings inside. Offer expires today — act now.",Pet Care,0.027064,58187,3,1,1,3,1,0
"The sneakers you've been waiting for. Cut your bill by half. Available now. You'll want to see this. Join 50,000 happy customers. Start your free trial. Budget-friendly.",E-commerce Fashion,0.029004,2009,0,2,2,2,1,2
"The wireless headphones you've been waiting for. Trusted by 10,000+ buyers. Save 30% today. Lowest price guaranteed. Shop the collection. The counterintuitive trick that doubled our results.",Consumer Electronics,0.023375,44112,0,2,2,0,3,3
"The designer watch you've been waiting for. A new product. A customer favorite. Available now. Premium craftsmanship. Start your free trial — no credit card, cancel anytime. Save $75 instantly and get free shipping over $50.",Luxury Goods,0.00883,22755,0,1,3,3,0,0
"The designer watch you've been waiting for. A smarter choice. #1 rated in its category, backed by 25,000 five-star reviews. Today only. Budget-friendly. Start your free trial — no credit card, cancel anytime. The secret pros use.",Luxury Goods,0.013161,99452,2,3,0,3,2,2
"The garden kit you've been waiting for. The counterintuitive trick that doubled our results. Save $75 instantly and get free shipping over $50. #1 rated in its category, backed by 25,000 five-star reviews. Shop now. Unbeatable price. Available now.",Home & Garden,0.020849,59662,0,3,3,1,3,3
"The garden kit you've been waiting for. The counterintuitive trick that doubled our results. Quality you can trust. Get 40% off. Final hours. Get started. #1 rated in its category, backed by 25,000 five-star reviews.",Home & Garden,0.019402,127603,2,3,2,1,3,1
"The garden kit you've been waiting for. The secret pros use. Start your free trial — no credit card, cancel anytime. A customer favorite. Affordable for everyone. Save $75 instantly and get free shipping over $50. Final hours.",Home & Garden,0.022543,168973,2,1,3,3,2,2
The family sedan you've been waiting for. Save $75 instantly and get free shipping over $50. Ends at midnight tonight. Quality you can trust. Rated 4.8/5 by thousands. Shop now. The counterintuitive trick that doubled our results.,Automotive,0.010913,107327,3,2,3,1,3,1
The family sedan you've been waiting for. Only 24 hours left. Save $75 instantly and get free shipping over $50. The counterintuitive trick that doubled our results. For everyone. Learn more. Premium craftsmanship.,Automotive,0.008016,184234,2,0,3,0,3,0
"The unlimited data plan you've been waiting for. Affordable for everyone. Great value. Ends soon. Join 50,000 happy customers.",Telecom,0.009317,131268,1,2,0,0,0,2
"The software suite you've been waiting for. #1 rated in its category, backed by 25,000 five-star reviews. The luxury standard. What nobody tells you about. Great value. Shop the collection. Try it today.",SaaS / B2B,0.006746,178932,0,3,0,1,2,0
The streaming plan you've been waiting for. You'll want to see this. Highly rated. Shop now. While supplies last. Premium craftsmanship. Save on your order.,Entertainment / Streaming,0.018613,11513,1,1,1,1,1,0
"The skincare set you've been waiting for. Highly rated. Offer expires today — act now. Save $75 instantly and get free shipping over $50. Unbeatable price. A new product. Start your free trial — no credit card, cancel anytime.",Beauty & Cosmetics,0.032409,18320,3,1,3,3,0,3
"The unlimited data plan you've been waiting for. Offer expires today — act now. A new product. Premium craftsmanship. Join 50,000 happy customers. Save $75 instantly and get free shipping over $50. Try it today.",Telecom,0.011749,119870,3,2,3,1,0,0
"The training program you've been waiting for. Only 24 hours left. Trusted by 10,000+ buyers. Lowest price guaranteed. Real savings inside. Start your free trial — no credit card, cancel anytime. The secret pros use.",Fitness,0.029505,109942,2,2,1,3,2,3
The getaway package you've been waiting for. Offer expires today — act now. The luxury standard. For everyone. A smarter choice. Get started.,Travel & Hospitality,0.012959,95898,3,0,0,1,0,0
"The sneakers you've been waiting for. Budget-friendly. Save $75 instantly and get free shipping over $50. Join 50,000 happy customers. Ends at midnight tonight. Start your free trial — no credit card, cancel anytime.",E-commerce Fashion,0.032061,159526,3,2,3,3,0,2
The getaway package you've been waiting for. Claim your discount. For everyone. The luxury standard. You'll want to see this. Save 30% today.,Travel & Hospitality,0.010775,39099,0,0,2,2,1,0
The game pass you've been waiting for. The secret pros use. Shop now. 48-hour flash sale. A customer favorite. Save $75 instantly and get free shipping over $50. Lowest price guaranteed.,Gaming,0.045616,154553,3,1,3,1,2,3
"The skincare set you've been waiting for. Save $75 instantly and get free shipping over $50. Start your free trial — no credit card, cancel anytime. A new product. Budget-friendly. A customer favorite. While supplies last.",Beauty & Cosmetics,0.033089,44861,1,1,3,3,0,2
"The designer watch you've been waiting for. Join 50,000 happy customers. A smarter choice. Ends soon. Shop now. Premium craftsmanship. A new product.",Luxury Goods,0.006657,145205,1,2,0,1,0,0
"The daily supplements you've been waiting for. What nobody tells you about. Start your free trial — no credit card, cancel anytime. Last chance. Save 30% today. Quality you can trust.",Health & Wellness,0.018829,168078,2,0,2,3,2,1
"The designer watch you've been waiting for. The counterintuitive trick that doubled our results. Start your free trial. #1 rated in its category, backed by 25,000 five-star reviews. Don't miss out. Save on your order. Affordable for everyone.",Luxury Goods,0.012126,120165,1,3,1,2,3,2
"The insurance plan you've been waiting for. Quality you can trust. Cut your bill by half. The counterintuitive trick that doubled our results. 48-hour flash sale. Join 50,000 happy customers.",Insurance,0.00695,103600,3,2,2,0,3,1
"The skincare set you've been waiting for. Try it today. Last chance. Budget-friendly. A new product. Great value. #1 rated in its category, backed by 25,000 five-star reviews.",Beauty & Cosmetics,0.02621,5538,2,3,0,1,0,2
"The online course you've been waiting for. Offer expires today — act now. A new product. Real savings inside. #1 rated in its category, backed by 25,000 five-star reviews. Unbeatable price.",Education / e-Learning,0.018349,21346,3,3,1,0,0,3
The streaming plan you've been waiting for. Available now. Shop now. A new product. Lowest price guaranteed. For everyone. Great value.,Entertainment / Streaming,0.023843,16606,0,0,0,1,0,3
"The getaway package you've been waiting for. Get 40% off. Rated 4.8/5 by thousands. The counterintuitive trick that doubled our results. Shop the collection. Start your free trial — no credit card, cancel anytime. Lowest price guaranteed.",Travel & Hospitality,0.017864,195817,0,2,2,3,3,3
"The training program you've been waiting for. A customer favorite. Ends at midnight tonight. Start your free trial — no credit card, cancel anytime. Great value. A new product. Lowest price guaranteed.",Fitness,0.032702,173241,3,1,0,3,0,3
"The unlimited data plan you've been waiting for. Affordable for everyone. A new product. Start your free trial — no credit card, cancel anytime. Great value. Highly rated. Available now.",Telecom,0.00933,38550,0,1,0,3,0,2
"The designer watch you've been waiting for. Here's why it works. Quality you can trust. Start your free trial. #1 rated in its category, backed by 25,000 five-star reviews. Cut your bill by half. Last chance.",Luxury Goods,0.012177,45996,2,3,2,2,1,1
"The streaming plan you've been waiting for. The counterintuitive trick that doubled our results. Join 50,000 happy customers. Offer expires today — act now. Claim your discount. The luxury standard. Save on your order.",Entertainment / Streaming,0.02782,10152,3,2,1,2,3,0
"The training program you've been waiting for. Today only. Start your free trial — no credit card, cancel anytime. Affordable for everyone. The counterintuitive trick that doubled our results. Cut your bill by half. A customer favorite.",Fitness,0.029488,165366,2,1,2,3,3,2
The designer watch you've been waiting for. Cut your bill by half. Highly rated. While supplies last. Learn more. Budget-friendly. A new product.,Luxury Goods,0.009921,26578,1,1,2,0,0,2
The game pass you've been waiting for. Ends at midnight tonight. Affordable for everyone. Grab yours now. What nobody tells you about. Highly rated. Save on your order.,Gaming,0.042735,108137,3,1,1,2,2,2
"The streaming plan you've been waiting for. Offer expires today — act now. Lowest price guaranteed. Grab yours now. Trusted by 10,000+ buyers. Here's why it works. A smarter choice.",Entertainment / Streaming,0.036863,158565,3,2,0,2,1,3
"The insurance plan you've been waiting for. Unbeatable price. For everyone. Final hours. Cut your bill by half. Start your free trial — no credit card, cancel anytime.",Insurance,0.007288,960,2,0,2,3,0,3
"The skincare set you've been waiting for. Affordable for everyone. A new product. Start your free trial — no credit card, cancel anytime. Great value. Final hours.",Beauty & Cosmetics,0.027166,106953,2,0,0,3,0,2
"The coffee subscription you've been waiting for. Premium craftsmanship. Loved by customers. Cut your bill by half. Only 24 hours left. Start your free trial — no credit card, cancel anytime. A new product.",Food & Beverage,0.019433,188943,2,1,2,3,0,0
"The skincare set you've been waiting for. 48-hour flash sale. Start your free trial — no credit card, cancel anytime. Quality you can trust. You'll want to see this. Highly rated. Save $75 instantly and get free shipping over $50.",Beauty & Cosmetics,0.035666,169904,3,1,3,3,1,1
"The family sedan you've been waiting for. Start your free trial — no credit card, cancel anytime. Quality you can trust. The secret pros use. Ends soon. Save 30% today. Trusted by 10,000+ buyers.",Automotive,0.009908,62200,1,2,2,3,2,1
The online course you've been waiting for. Budget-friendly. You'll want to see this. Shop now. Today only. Save $75 instantly and get free shipping over $50.,Education / e-Learning,0.016049,101445,2,0,3,1,1,2
The sneakers you've been waiting for. You'll want to see this. Affordable for everyone. Highly rated. Try it today. A smarter choice. While supplies last.,E-commerce Fashion,0.018242,46364,1,1,0,1,1,2
"The downtown condo you've been waiting for. The counterintuitive trick that doubled our results. Start your free trial — no credit card, cancel anytime. Trusted by 10,000+ buyers. The luxury standard. 48-hour flash sale. Get 40% off.",Real Estate,0.009088,1327,3,2,2,3,3,0
"The online course you've been waiting for. Offer expires today — act now. Here's why it works. Try it today. Real savings inside. The luxury standard. #1 rated in its category, backed by 25,000 five-star reviews.",Education / e-Learning,0.014178,4876,3,3,1,1,1,0
The streaming plan you've been waiting for. You'll want to see this. Save $75 instantly and get free shipping over $50. Premium craftsmanship. Only 24 hours left.,Entertainment / Streaming,0.021298,135919,2,0,3,0,1,0
"The coffee subscription you've been waiting for. Offer expires today — act now. Join 50,000 happy customers. Start your free trial. The secret pros use. A smarter choice. Budget-friendly.",Food & Beverage,0.028993,63190,3,2,0,2,2,2
The garden kit you've been waiting for. Ends soon. Save 30% today. Premium craftsmanship. Here's why it works.,Home & Garden,0.010287,163594,1,0,2,0,1,0
The daily supplements you've been waiting for. The counterintuitive trick that doubled our results. 48-hour flash sale. The luxury standard. Rated 4.8/5 by thousands. Save $75 instantly and get free shipping over $50. Start your free trial.,Health & Wellness,0.021508,4775,3,2,3,2,3,0
"The insurance plan you've been waiting for. Affordable for everyone. A smarter choice. Ends soon. #1 rated in its category, backed by 25,000 five-star reviews. Start your free trial — no credit card, cancel anytime. The counterintuitive trick that doubled our results.",Insurance,0.007906,185926,1,3,0,3,3,2
"The streaming plan you've been waiting for. Save $75 instantly and get free shipping over $50. You'll want to see this. Try it today. Join 50,000 happy customers. Premium craftsmanship. Ends at midnight tonight.",Entertainment / Streaming,0.033811,74608,3,2,3,1,1,0
"The streaming plan you've been waiting for. Save $75 instantly and get free shipping over $50. Claim your discount. Ends at midnight tonight. Lowest price guaranteed. #1 rated in its category, backed by 25,000 five-star reviews.",Entertainment / Streaming,0.042685,156315,3,3,3,2,0,3
"The daily supplements you've been waiting for. Ends at midnight tonight. Save on your order. A new product. Start your free trial — no credit card, cancel anytime. Budget-friendly. Join 50,000 happy customers.",Health & Wellness,0.023322,30776,3,2,1,3,0,2
"The garden kit you've been waiting for. Try it today. Don't miss out. Quality you can trust. Get 40% off. You'll want to see this. #1 rated in its category, backed by 25,000 five-star reviews.",Home & Garden,0.01703,52510,1,3,2,1,1,1
The designer watch you've been waiting for. Quality you can trust. Only 24 hours left. Try it today. Save 30% today. The counterintuitive trick that doubled our results.,Luxury Goods,0.010036,49828,2,0,2,1,3,1
"The credit card you've been waiting for. Last chance. Try it today. Affordable for everyone. #1 rated in its category, backed by 25,000 five-star reviews. You'll want to see this. Save 30% today.",Finance / Fintech,0.014658,191205,2,3,2,1,1,2
The streaming plan you've been waiting for. For everyone. Final hours. Lowest price guaranteed. A smarter choice. The counterintuitive trick that doubled our results. Start your free trial.,Entertainment / Streaming,0.030921,183680,2,0,0,2,3,3
The monthly donation you've been waiting for. Loved by customers. You'll want to see this. Quality you can trust. Ends soon. Claim your discount. Save on your order.,Nonprofit,0.011246,156520,1,1,1,2,1,1
The software suite you've been waiting for. Start your free trial. Ends at midnight tonight. Loved by customers. Here's why it works. Save $75 instantly and get free shipping over $50. The luxury standard.,SaaS / B2B,0.012255,16969,3,1,3,2,1,0
"The skincare set you've been waiting for. #1 rated in its category, backed by 25,000 five-star reviews. Available now. Save $75 instantly and get free shipping over $50. Here's why it works. Affordable for everyone. Grab yours now.",Beauty & Cosmetics,0.031704,195516,0,3,3,2,1,2
"The training program you've been waiting for. You'll want to see this. The luxury standard. Get 40% off. #1 rated in its category, backed by 25,000 five-star reviews. Available now. Start your free trial — no credit card, cancel anytime.",Fitness,0.021224,182686,0,3,2,3,1,0
"The family sedan you've been waiting for. The counterintuitive trick that doubled our results. #1 rated in its category, backed by 25,000 five-star reviews. Save $75 instantly and get free shipping over $50. The luxury standard.",Automotive,0.008289,154843,0,3,3,0,3,0
"The unlimited data plan you've been waiting for. Quality you can trust. The secret pros use. Claim your discount. #1 rated in its category, backed by 25,000 five-star reviews. Save on your order.",Telecom,0.010337,28010,0,3,1,2,2,1
The skincare set you've been waiting for. A new product. Real savings inside. While supplies last. Affordable for everyone.,Beauty & Cosmetics,0.019326,83080,1,0,1,0,0,2
The credit card you've been waiting for. Save 30% today. Don't miss out. Unbeatable price. Loved by customers.,Finance / Fintech,0.013949,68769,1,1,2,0,0,3
"The skincare set you've been waiting for. The counterintuitive trick that doubled our results. Start your free trial — no credit card, cancel anytime. The luxury standard. Join 50,000 happy customers. Great value.",Beauty & Cosmetics,0.023295,40191,0,2,0,3,3,0
"The streaming plan you've been waiting for. Start your free trial — no credit card, cancel anytime. Available now. Unbeatable price. For everyone. Save $75 instantly and get free shipping over $50.",Entertainment / Streaming,0.031038,186984,0,0,3,3,0,3
"The credit card you've been waiting for. Last chance. Trusted by 10,000+ buyers. Here's why it works. Save $75 instantly and get free shipping over $50. Get started. Budget-friendly.",Finance / Fintech,0.014988,23106,2,2,3,1,1,2
"The sneakers you've been waiting for. Real savings inside. #1 rated in its category, backed by 25,000 five-star reviews. Last chance. The counterintuitive trick that doubled our results. Try it today. Premium craftsmanship.",E-commerce Fashion,0.023591,174346,2,3,1,1,3,0
"The training program you've been waiting for. 48-hour flash sale. What nobody tells you about. Join 50,000 happy customers. Budget-friendly. Learn more. Save $75 instantly and get free shipping over $50.",Fitness,0.027355,158772,3,2,3,0,2,2
"The garden kit you've been waiting for. Save on your order. Budget-friendly. Start your free trial — no credit card, cancel anytime. The counterintuitive trick that doubled our results. 48-hour flash sale.",Home & Garden,0.020405,161403,3,0,1,3,3,2
The unlimited data plan you've been waiting for. Final hours. The luxury standard. A customer favorite. The secret pros use. Save on your order.,Telecom,0.009207,94133,2,1,1,0,2,0
"The grain-free pet food you've been waiting for. 48-hour flash sale. Shop now. Real savings inside. Trusted by 10,000+ buyers. Budget-friendly. A new product.",Pet Care,0.027105,119238,3,2,1,1,0,2
"The credit card you've been waiting for. Quality you can trust. The secret pros use. Loved by customers. Shop the collection. Get 40% off. Start your free trial — no credit card, cancel anytime.",Finance / Fintech,0.01027,48265,0,1,2,3,2,1
"The garden kit you've been waiting for. Start your free trial — no credit card, cancel anytime. What nobody tells you about. Ends soon. #1 rated in its category, backed by 25,000 five-star reviews. Save 30% today. Premium craftsmanship.",Home & Garden,0.018902,731,1,3,2,3,2,0
"The unlimited data plan you've been waiting for. #1 rated in its category, backed by 25,000 five-star reviews. Unbeatable price. Shop the collection. Learn more. Get 40% off.",Telecom,0.013235,105433,0,3,2,0,0,3
The grain-free pet food you've been waiting for. Start your free trial. For everyone. While supplies last. You'll want to see this. Premium craftsmanship. Save $75 instantly and get free shipping over $50.,Pet Care,0.019508,109560,1,0,3,2,1,0
The skincare set you've been waiting for. Lowest price guaranteed. Get started. Ends soon. For everyone. The counterintuitive trick that doubled our results. Save $75 instantly and get free shipping over $50.,Beauty & Cosmetics,0.030158,79777,1,0,3,1,3,3
"The streaming plan you've been waiting for. Quality you can trust. A smarter choice. Start your free trial — no credit card, cancel anytime. #1 rated in its category, backed by 25,000 five-star reviews. Ends soon. The counterintuitive trick that doubled our results.",Entertainment / Streaming,0.031603,98121,1,3,0,3,3,1
"The game pass you've been waiting for. Save $75 instantly and get free shipping over $50. The counterintuitive trick that doubled our results. #1 rated in its category, backed by 25,000 five-star reviews. Start your free trial — no credit card, cancel anytime. Offer expires today — act now. Lowest price guaranteed.",Gaming,0.055825,79059,3,3,3,3,3,3
The grain-free pet food you've been waiting for. Get started. Available now. Premium craftsmanship. Loved by customers. A smarter choice.,Pet Care,0.013377,163155,0,1,0,1,0,0
"The garden kit you've been waiting for. The counterintuitive trick that doubled our results. Trusted by 10,000+ buyers. Save on your order. Offer expires today — act now. Unbeatable price. Get started.",Home & Garden,0.023363,177647,3,2,1,1,3,3
"The streaming plan you've been waiting for. The secret pros use. Cut your bill by half. Trusted by 10,000+ buyers. Shop now. Lowest price guaranteed.",Entertainment / Streaming,0.0283,190816,0,2,2,1,2,3
The credit card you've been waiting for. The luxury standard. While supplies last. For everyone. Real savings inside. Here's why it works. Start your free trial.,Finance / Fintech,0.009642,38050,1,0,1,2,1,0
The family sedan you've been waiting for. Loved by customers. Claim your discount. Only 24 hours left. Lowest price guaranteed. The secret pros use. Save $75 instantly and get free shipping over $50.,Automotive,0.011629,143244,2,1,3,2,2,3
"The wireless headphones you've been waiting for. Ends soon. Get 40% off. #1 rated in its category, backed by 25,000 five-star reviews. The counterintuitive trick that doubled our results. The luxury standard. Grab yours now.",Consumer Electronics,0.022738,173434,1,3,2,2,3,0
"The insurance plan you've been waiting for. Save $75 instantly and get free shipping over $50. You'll want to see this. Learn more. Trusted by 10,000+ buyers. Don't miss out. Quality you can trust.",Insurance,0.007423,159830,1,2,3,0,1,1
The streaming plan you've been waiting for. A new product. Lowest price guaranteed. Only 24 hours left. Claim your discount. Save on your order.,Entertainment / Streaming,0.032171,38144,2,0,1,2,0,3
"The game pass you've been waiting for. The counterintuitive trick that doubled our results. Last chance. A smarter choice. #1 rated in its category, backed by 25,000 five-star reviews. The luxury standard.",Gaming,0.02641,32485,2,3,0,0,3,0
The credit card you've been waiting for. The counterintuitive trick that doubled our results. Final hours. Claim your discount. The luxury standard. Save $75 instantly and get free shipping over $50.,Finance / Fintech,0.01209,20241,2,0,3,2,3,0
The credit card you've been waiting for. The luxury standard. Ends soon. Get 40% off.,Finance / Fintech,0.006783,164815,1,0,2,0,0,0
"The wireless headphones you've been waiting for. #1 rated in its category, backed by 25,000 five-star reviews. Today only. Start your free trial. The counterintuitive trick that doubled our results. Cut your bill by half. Quality you can trust.",Consumer Electronics,0.024316,157624,2,3,2,2,3,1
"The streaming plan you've been waiting for. Ends soon. Join 50,000 happy customers. Premium craftsmanship. Learn more. Cut your bill by half. What nobody tells you about.",Entertainment / Streaming,0.024549,117456,1,2,2,0,2,0
The training program you've been waiting for. A customer favorite. Ends at midnight tonight. Lowest price guaranteed. Get 40% off. A new product.,Fitness,0.025312,72820,3,1,2,0,0,3
The insurance plan you've been waiting for. The counterintuitive trick that doubled our results. Quality you can trust. Get started. Save $75 instantly and get free shipping over $50.,Insurance,0.005196,126249,0,0,3,1,3,1
The monthly donation you've been waiting for. Quality you can trust. Available now. Loved by customers. Claim your discount. Save $75 instantly and get free shipping over $50.,Nonprofit,0.011121,157292,0,1,3,2,0,1
The training program you've been waiting for. Shop now. While supplies last. The secret pros use. Premium craftsmanship. Rated 4.8/5 by thousands. A smarter choice.,Fitness,0.015011,13116,1,2,0,1,2,0
"The wireless headphones you've been waiting for. #1 rated in its category, backed by 25,000 five-star reviews. Quality you can trust. Claim your discount. Offer expires today — act now. A smarter choice. What nobody tells you about.",Consumer Electronics,0.024766,173656,3,3,0,2,2,1
The insurance plan you've been waiting for. Here's why it works. Try it today. Premium craftsmanship. Only 24 hours left. Cut your bill by half. For everyone.,Insurance,0.005453,152656,2,0,2,1,1,0
"The insurance plan you've been waiting for. Only 24 hours left. Save $75 instantly and get free shipping over $50. Learn more. #1 rated in its category, backed by 25,000 five-star reviews. What nobody tells you about. Affordable for everyone.",Insurance,0.008419,95314,2,3,3,0,2,2
"The credit card you've been waiting for. Available now. What nobody tells you about. Save on your order. Start your free trial — no credit card, cancel anytime. #1 rated in its category, backed by 25,000 five-star reviews. The luxury standard.",Finance / Fintech,0.010971,165418,0,3,1,3,2,0
"The garden kit you've been waiting for. Learn more. #1 rated in its category, backed by 25,000 five-star reviews. The counterintuitive trick that doubled our results. 48-hour flash sale. Quality you can trust. Get 40% off.",Home & Garden,0.019601,131062,3,3,2,0,3,1
The designer watch you've been waiting for. Here's why it works. Highly rated. Unbeatable price. Get 40% off. 48-hour flash sale. Start your free trial.,Luxury Goods,0.014485,165268,3,1,2,2,1,3
The training program you've been waiting for. 48-hour flash sale. Learn more. Premium craftsmanship. Real savings inside.,Fitness,0.016277,66477,3,0,1,0,0,0
The monthly donation you've been waiting for. Highly rated. Final hours. Lowest price guaranteed. A smarter choice. Shop now. A new product.,Nonprofit,0.013168,101034,2,1,0,1,0,3
The downtown condo you've been waiting for. The secret pros use. Try it today. Cut your bill by half. Last chance. Rated 4.8/5 by thousands. Unbeatable price.,Real Estate,0.010735,116509,2,2,2,1,2,3
The software suite you've been waiting for. Premium craftsmanship. Shop the collection. Highly rated. Try it today. Save $75 instantly and get free shipping over $50. What nobody tells you about.,SaaS / B2B,0.009104,25032,0,1,3,1,2,0
"The unlimited data plan you've been waiting for. Available now. Lowest price guaranteed. A new product. A smarter choice. #1 rated in its category, backed by 25,000 five-star reviews. Shop now.",Telecom,0.010137,62312,0,3,0,1,0,3
"The game pass you've been waiting for. Shop the collection. The counterintuitive trick that doubled our results. Start your free trial. #1 rated in its category, backed by 25,000 five-star reviews. Affordable for everyone. Get 40% off.",Gaming,0.034541,195701,0,3,2,2,3,2
The family sedan you've been waiting for. The secret pros use. For everyone. Save $75 instantly and get free shipping over $50. Quality you can trust. Available now.,Automotive,0.00619,70757,0,0,3,0,2,1
The skincare set you've been waiting for. The luxury standard. 48-hour flash sale. What nobody tells you about. Save $75 instantly and get free shipping over $50. A customer favorite.,Beauty & Cosmetics,0.025026,187429,3,1,3,0,2,0
The software suite you've been waiting for. A customer favorite. Available now. The luxury standard. The counterintuitive trick that doubled our results. Get 40% off.,SaaS / B2B,0.006731,118916,0,1,2,0,3,0
"The monthly donation you've been waiting for. Save $75 instantly and get free shipping over $50. Here's why it works. #1 rated in its category, backed by 25,000 five-star reviews. Offer expires today — act now. Budget-friendly. Learn more.",Nonprofit,0.014666,105344,3,3,3,0,1,2
The insurance plan you've been waiting for. A smarter choice. Affordable for everyone. For everyone. 48-hour flash sale.,Insurance,0.005915,105351,3,0,0,0,0,2
"The insurance plan you've been waiting for. The counterintuitive trick that doubled our results. Shop now. Save $75 instantly and get free shipping over $50. Join 50,000 happy customers. Quality you can trust.",Insurance,0.006036,86276,0,2,3,1,3,1
"The daily supplements you've been waiting for. Lowest price guaranteed. Join 50,000 happy customers. Save 30% today. What nobody tells you about. Start your free trial — no credit card, cancel anytime.",Health & Wellness,0.020637,123863,0,2,2,3,2,3
The downtown condo you've been waiting for. Get 40% off. Start your free trial. A new product. For everyone. Lowest price guaranteed. 48-hour flash sale.,Real Estate,0.008788,7421,3,0,2,2,0,3
"The garden kit you've been waiting for. The luxury standard. #1 rated in its category, backed by 25,000 five-star reviews. Save $75 instantly and get free shipping over $50. Ends soon. The secret pros use.",Home & Garden,0.017908,112620,1,3,3,0,2,0
"The daily supplements you've been waiting for. The counterintuitive trick that doubled our results. Start your free trial. Join 50,000 happy customers. 48-hour flash sale. Save 30% today. Quality you can trust.",Health & Wellness,0.023316,133410,3,2,2,2,3,1
"The streaming plan you've been waiting for. You'll want to see this. Start your free trial — no credit card, cancel anytime. Cut your bill by half. Affordable for everyone. For everyone. Shop the collection.",Entertainment / Streaming,0.026378,155702,0,0,2,3,1,2
The grain-free pet food you've been waiting for. Quality you can trust. Start your free trial. Highly rated. A new product. Shop the collection. Save on your order.,Pet Care,0.017045,62664,0,1,1,2,0,1
The game pass you've been waiting for. Quality you can trust. The secret pros use. Get 40% off. Loved by customers.,Gaming,0.025465,70209,0,1,2,0,2,1
"The monthly donation you've been waiting for. Final hours. Save 30% today. The counterintuitive trick that doubled our results. Trusted by 10,000+ buyers. Affordable for everyone. Grab yours now.",Nonprofit,0.017059,178081,2,2,2,2,3,2
"The garden kit you've been waiting for. #1 rated in its category, backed by 25,000 five-star reviews. Premium craftsmanship. Available now. The counterintuitive trick that doubled our results. A smarter choice. Try it today.",Home & Garden,0.012309,95633,0,3,0,1,3,0
The daily supplements you've been waiting for. Ends at midnight tonight. Loved by customers. Learn more. Budget-friendly. Save $75 instantly and get free shipping over $50.,Health & Wellness,0.022306,10191,3,1,3,0,0,2
The designer watch you've been waiting for. Save on your order. The secret pros use. For everyone. Today only. Budget-friendly. Claim your discount.,Luxury Goods,0.010767,48540,2,0,1,2,2,2
"The training program you've been waiting for. Ends soon. You'll want to see this. Premium craftsmanship. Shop now. Save on your order. #1 rated in its category, backed by 25,000 five-star reviews.",Fitness,0.017756,6334,1,3,1,1,1,0
"The online course you've been waiting for. Save $75 instantly and get free shipping over $50. Quality you can trust. A new product. Today only. Start your free trial — no credit card, cancel anytime.",Education / e-Learning,0.016353,136939,2,0,3,3,0,1
"The grain-free pet food you've been waiting for. Join 50,000 happy customers. Lowest price guaranteed. Try it today. Save $75 instantly and get free shipping over $50. Offer expires today — act now.",Pet Care,0.035796,90530,3,2,3,1,0,3
The software suite you've been waiting for. Ends soon. Real savings inside. Try it today. Budget-friendly. Loved by customers. The counterintuitive trick that doubled our results.,SaaS / B2B,0.010177,28400,1,1,1,1,3,2
"The wireless headphones you've been waiting for. The luxury standard. Start your free trial — no credit card, cancel anytime. Save $75 instantly and get free shipping over $50. Final hours. Join 50,000 happy customers. Here's why it works.",Consumer Electronics,0.02198,86387,2,2,3,3,1,0
"The family sedan you've been waiting for. #1 rated in its category, backed by 25,000 five-star reviews. The counterintuitive trick that doubled our results. Today only. Real savings inside. Unbeatable price. Start your free trial — no credit card, cancel anytime.",Automotive,0.015104,144248,2,3,1,3,3,3
The coffee subscription you've been waiting for. You'll want to see this. Quality you can trust. Learn more. Final hours. Get 40% off. Rated 4.8/5 by thousands.,Food & Beverage,0.020324,148709,2,2,2,0,1,1
"The daily supplements you've been waiting for. #1 rated in its category, backed by 25,000 five-star reviews. Available now. A new product. Get 40% off. Affordable for everyone. Get started.",Health & Wellness,0.017686,64638,0,3,2,1,0,2
"The grain-free pet food you've been waiting for. Quality you can trust. Save $75 instantly and get free shipping over $50. Grab yours now. #1 rated in its category, backed by 25,000 five-star reviews.",Pet Care,0.021373,170799,0,3,3,2,0,1
"The game pass you've been waiting for. Premium craftsmanship. Today only. Claim your discount. A smarter choice. Join 50,000 happy customers.",Gaming,0.028246,44843,2,2,0,2,0,0
The unlimited data plan you've been waiting for. Don't miss out. Quality you can trust. The counterintuitive trick that doubled our results. Real savings inside. Highly rated. Shop now.,Telecom,0.009145,11589,1,1,1,1,3,1
The online course you've been waiting for. Learn more. Highly rated. While supplies last. The luxury standard. Get 40% off. The secret pros use.,Education / e-Learning,0.012101,149828,1,1,2,0,2,0
"The insurance plan you've been waiting for. What nobody tells you about. Start your free trial — no credit card, cancel anytime. Quality you can trust. A smarter choice. Ends at midnight tonight.",Insurance,0.006749,116774,3,0,0,3,2,1
"The software suite you've been waiting for. Start your free trial — no credit card, cancel anytime. Save $75 instantly and get free shipping over $50. What nobody tells you about. Lowest price guaranteed. Loved by customers. Ends at midnight tonight.",SaaS / B2B,0.016612,163117,3,1,3,3,2,3
The streaming plan you've been waiting for. Real savings inside. Affordable for everyone. The counterintuitive trick that doubled our results. Grab yours now. Available now.,Entertainment / Streaming,0.026814,79607,0,0,1,2,3,2
The designer watch you've been waiting for. Rated 4.8/5 by thousands. Lowest price guaranteed. Shop now. Save $75 instantly and get free shipping over $50. 48-hour flash sale. What nobody tells you about.,Luxury Goods,0.014444,115273,3,2,3,1,2,3
The wireless headphones you've been waiting for. Don't miss out. Save $75 instantly and get free shipping over $50. Quality you can trust. Shop now. What nobody tells you about. For everyone.,Consumer Electronics,0.017538,13669,1,0,3,1,2,1
"The downtown condo you've been waiting for. Lowest price guaranteed. Only 24 hours left. Here's why it works. Save 30% today. Try it today. #1 rated in its category, backed by 25,000 five-star reviews.",Real Estate,0.010184,113766,2,3,2,1,1,3
"The training program you've been waiting for. The secret pros use. Save 30% today. Start your free trial — no credit card, cancel anytime. Unbeatable price.",Fitness,0.021506,196924,0,0,2,3,2,3
The training program you've been waiting for. Learn more. Save $75 instantly and get free shipping over $50. A customer favorite. Today only. The counterintuitive trick that doubled our results. Lowest price guaranteed.,Fitness,0.028683,92111,2,1,3,0,3,3
The family sedan you've been waiting for. Budget-friendly. A smarter choice. Start your free trial. The secret pros use. Rated 4.8/5 by thousands. Offer expires today — act now.,Automotive,0.009787,183652,3,2,0,2,2,2
"The grain-free pet food you've been waiting for. Join 50,000 happy customers. Save on your order. Available now. Try it today. The counterintuitive trick that doubled our results. Premium craftsmanship.",Pet Care,0.015913,120762,0,2,1,1,3,0
"The getaway package you've been waiting for. Here's why it works. #1 rated in its category, backed by 25,000 five-star reviews. Save $75 instantly and get free shipping over $50. Final hours. Claim your discount. Budget-friendly.",Travel & Hospitality,0.019702,152305,2,3,3,2,1,2
The sneakers you've been waiting for. A customer favorite. 48-hour flash sale. Unbeatable price. Cut your bill by half. Here's why it works. Try it today.,E-commerce Fashion,0.032351,73583,3,1,2,1,1,3
The downtown condo you've been waiting for. Save on your order. Affordable for everyone. What nobody tells you about. Today only.,Real Estate,0.006713,62711,2,0,1,0,2,2
"The designer watch you've been waiting for. What nobody tells you about. Ends at midnight tonight. Highly rated. Lowest price guaranteed. Start your free trial — no credit card, cancel anytime. Get 40% off.",Luxury Goods,0.013649,151066,3,1,2,3,2,3
The software suite you've been waiting for. Ends soon. Learn more. A new product. Cut your bill by half. Quality you can trust.,SaaS / B2B,0.006928,131496,1,0,2,0,0,1
"The monthly donation you've been waiting for. Lowest price guaranteed. The counterintuitive trick that doubled our results. #1 rated in its category, backed by 25,000 five-star reviews. Get 40% off. Shop the collection.",Nonprofit,0.015931,165560,0,3,2,0,3,3
The streaming plan you've been waiting for. You'll want to see this. Get started. Quality you can trust. A customer favorite. Get 40% off.,Entertainment / Streaming,0.023642,9841,0,1,2,1,1,1
The credit card you've been waiting for. Here's why it works. 48-hour flash sale. Great value. Affordable for everyone. Learn more. A customer favorite.,Finance / Fintech,0.012753,155174,3,1,0,0,1,2
"The unlimited data plan you've been waiting for. Shop the collection. Start your free trial — no credit card, cancel anytime. Save 30% today. Highly rated. Unbeatable price.",Telecom,0.011346,176222,0,1,2,3,0,3
The sneakers you've been waiting for. For everyone. Real savings inside. Here's why it works. The luxury standard. Learn more. Offer expires today — act now.,E-commerce Fashion,0.017775,117464,3,0,1,0,1,0
The insurance plan you've been waiting for. Shop the collection. A smarter choice. Loved by customers. The counterintuitive trick that doubled our results. Lowest price guaranteed.,Insurance,0.005716,18160,0,1,0,0,3,3
The wireless headphones you've been waiting for. Try it today. Last chance. Save on your order. Quality you can trust. Rated 4.8/5 by thousands.,Consumer Electronics,0.018444,184400,2,2,1,1,0,1
"The family sedan you've been waiting for. Start your free trial — no credit card, cancel anytime. Join 50,000 happy customers. What nobody tells you about. Save 30% today. The luxury standard.",Automotive,0.00804,11427,0,2,2,3,2,0
The training program you've been waiting for. Final hours. A smarter choice. The counterintuitive trick that doubled our results. Lowest price guaranteed. Get started.,Fitness,0.02526,122761,2,0,0,1,3,3
The insurance plan you've been waiting for. Shop now. Save on your order. Premium craftsmanship. Today only. Highly rated. A new product.,Insurance,0.004906,18133,2,1,1,1,0,0
The software suite you've been waiting for. For everyone. You'll want to see this. Start your free trial. Get 40% off. Final hours. Quality you can trust.,SaaS / B2B,0.009925,151982,2,0,2,2,1,1
"The getaway package you've been waiting for. Trusted by 10,000+ buyers. While supplies last. Save $75 instantly and get free shipping over $50. Affordable for everyone.",Travel & Hospitality,0.014113,10646,1,2,3,0,0,2
The sneakers you've been waiting for. The counterintuitive trick that doubled our results. Save on your order. Grab yours now. Lowest price guaranteed. Offer expires today — act now. Highly rated.,E-commerce Fashion,0.032887,147634,3,1,1,2,3,3
The streaming plan you've been waiting for. Save 30% today. Learn more. A new product. Rated 4.8/5 by thousands. Unbeatable price. 48-hour flash sale.,Entertainment / Streaming,0.031013,114032,3,2,2,0,0,3
"The family sedan you've been waiting for. Ends at midnight tonight. Grab yours now. Here's why it works. Trusted by 10,000+ buyers. Save $75 instantly and get free shipping over $50. Unbeatable price.",Automotive,0.014267,50359,3,2,3,2,1,3
The insurance plan you've been waiting for. Get started. Highly rated. Budget-friendly. Cut your bill by half. You'll want to see this.,Insurance,0.006016,44593,0,1,2,1,1,2
"The game pass you've been waiting for. Great value. Quality you can trust. The secret pros use. #1 rated in its category, backed by 25,000 five-star reviews.",Gaming,0.025861,81456,0,3,0,0,2,1
The skincare set you've been waiting for. Learn more. You'll want to see this. Premium craftsmanship. Cut your bill by half. For everyone. Today only.,Beauty & Cosmetics,0.021121,151967,2,0,2,0,1,0
"The credit card you've been waiting for. What nobody tells you about. Ends at midnight tonight. Lowest price guaranteed. Rated 4.8/5 by thousands. Start your free trial — no credit card, cancel anytime. Cut your bill by half.",Finance / Fintech,0.020476,169886,3,2,2,3,2,3
The grain-free pet food you've been waiting for. For everyone. Available now. Real savings inside. Shop now. Quality you can trust.,Pet Care,0.015608,178679,0,0,1,1,0,1
The unlimited data plan you've been waiting for. Claim your discount. Shop the collection. The counterintuitive trick that doubled our results. For everyone. The luxury standard. Get 40% off.,Telecom,0.007502,143674,0,0,2,2,3,0
The monthly donation you've been waiting for. Learn more. Save $75 instantly and get free shipping over $50. You'll want to see this. For everyone. Budget-friendly. While supplies last.,Nonprofit,0.011984,122896,1,0,3,0,1,2
"The online course you've been waiting for. Start your free trial — no credit card, cancel anytime. What nobody tells you about. While supplies last. Quality you can trust. A customer favorite. Save $75 instantly and get free shipping over $50.",Education / e-Learning,0.016036,169797,1,1,3,3,2,1
"The unlimited data plan you've been waiting for. Real savings inside. #1 rated in its category, backed by 25,000 five-star reviews. Lowest price guaranteed. Learn more. Ends soon. The counterintuitive trick that doubled our results.",Telecom,0.011448,135656,1,3,1,0,3,3
The downtown condo you've been waiting for. Learn more. What nobody tells you about. Premium craftsmanship. Save 30% today. For everyone.,Real Estate,0.004167,194458,0,0,2,0,2,0
"The getaway package you've been waiting for. The counterintuitive trick that doubled our results. Only 24 hours left. Save $75 instantly and get free shipping over $50. The luxury standard. Get started. #1 rated in its category, backed by 25,000 five-star reviews.",Travel & Hospitality,0.019737,125431,2,3,3,1,3,0
The sneakers you've been waiting for. Learn more. What nobody tells you about. Lowest price guaranteed. Save $75 instantly and get free shipping over $50. A customer favorite.,E-commerce Fashion,0.025795,13150,0,1,3,0,2,3
The coffee subscription you've been waiting for. Real savings inside. Unbeatable price. Ends soon. The counterintuitive trick that doubled our results.,Food & Beverage,0.021629,40717,1,0,1,0,3,3
"The daily supplements you've been waiting for. #1 rated in its category, backed by 25,000 five-star reviews. Get 40% off. Premium craftsmanship. Try it today. Last chance. The counterintuitive trick that doubled our results.",Health & Wellness,0.017963,8983,2,3,2,1,3,0
The garden kit you've been waiting for. Great value. What nobody tells you about. Available now. Get started. For everyone. Affordable for everyone.,Home & Garden,0.011374,45222,0,0,0,1,2,2
"The streaming plan you've been waiting for. While supplies last. #1 rated in its category, backed by 25,000 five-star reviews. Start your free trial — no credit card, cancel anytime. A new product. A smarter choice. Premium craftsmanship.",Entertainment / Streaming,0.023873,165175,1,3,0,3,0,0
The getaway package you've been waiting for. Quality you can trust. Highly rated. Shop the collection. Learn more. You'll want to see this. Save 30% today.,Travel & Hospitality,0.011796,130786,0,1,2,0,1,1
The skincare set you've been waiting for. Learn more. Quality you can trust. For everyone. Get 40% off. Available now.,Beauty & Cosmetics,0.017775,153127,0,0,2,0,0,1
The game pass you've been waiting for. While supplies last. Loved by customers. Quality you can trust. Save $75 instantly and get free shipping over $50. Here's why it works.,Gaming,0.029482,15643,1,1,3,0,1,1
The grain-free pet food you've been waiting for. A smarter choice. For everyone. Lowest price guaranteed. Get started.,Pet Care,0.018441,122485,0,0,0,1,0,3
"The credit card you've been waiting for. Unbeatable price. While supplies last. Great value. Start your free trial — no credit card, cancel anytime.",Finance / Fintech,0.011737,80390,1,0,0,3,0,3
"The streaming plan you've been waiting for. Get 40% off. The counterintuitive trick that doubled our results. Don't miss out. Quality you can trust. Trusted by 10,000+ buyers. Shop now.",Entertainment / Streaming,0.030726,141807,1,2,2,1,3,1
"The wireless headphones you've been waiting for. Get started. Ends soon. Quality you can trust. Trusted by 10,000+ buyers. The secret pros use. Save $75 instantly and get free shipping over $50.",Consumer Electronics,0.02041,192292,1,2,3,1,2,1
The sneakers you've been waiting for. Real savings inside. Budget-friendly. Rated 4.8/5 by thousands. Start your free trial. Available now. You'll want to see this.,E-commerce Fashion,0.02295,112769,0,2,1,2,1,2
The streaming plan you've been waiting for. Quality you can trust. Learn more. Highly rated. Great value. Last chance.,Entertainment / Streaming,0.022252,197369,2,1,0,0,0,1
"The grain-free pet food you've been waiting for. The secret pros use. Shop the collection. For everyone. Unbeatable price. Start your free trial — no credit card, cancel anytime. Real savings inside.",Pet Care,0.022399,72983,0,0,1,3,2,3
"The software suite you've been waiting for. Save $75 instantly and get free shipping over $50. Here's why it works. Start your free trial — no credit card, cancel anytime. #1 rated in its category, backed by 25,000 five-star reviews. Quality you can trust. Today only.",SaaS / B2B,0.013626,122555,2,3,3,3,1,1
The training program you've been waiting for. Grab yours now. Save on your order. While supplies last. Affordable for everyone. Here's why it works. A customer favorite.,Fitness,0.021905,146165,1,1,1,2,1,2
"The coffee subscription you've been waiting for. Affordable for everyone. Ends at midnight tonight. Great value. #1 rated in its category, backed by 25,000 five-star reviews. Here's why it works.",Food & Beverage,0.023967,60585,3,3,0,0,1,2
"The game pass you've been waiting for. Final hours. Trusted by 10,000+ buyers. Save on your order. Try it today. Lowest price guaranteed. You'll want to see this.",Gaming,0.036414,73186,2,2,1,1,1,3
The daily supplements you've been waiting for. The counterintuitive trick that doubled our results. Don't miss out. Learn more. Quality you can trust. Great value.,Health & Wellness,0.01356,93639,1,0,0,0,3,1
"The training program you've been waiting for. Offer expires today — act now. A new product. Unbeatable price. Save 30% today. A customer favorite. Start your free trial — no credit card, cancel anytime.",Fitness,0.029609,92788,3,1,2,3,0,3
The daily supplements you've been waiting for. Premium craftsmanship. The counterintuitive trick that doubled our results. Claim your discount. Get 40% off. Today only. Rated 4.8/5 by thousands.,Health & Wellness,0.021098,40391,2,2,2,2,3,0
"The sneakers you've been waiting for. Join 50,000 happy customers. You'll want to see this. Save on your order. Premium craftsmanship. Start your free trial — no credit card, cancel anytime.",E-commerce Fashion,0.018144,188755,0,2,1,3,1,0
"The family sedan you've been waiting for. Lowest price guaranteed. The secret pros use. Join 50,000 happy customers. Save on your order. Available now.",Automotive,0.008199,175512,0,2,1,0,2,3
The skincare set you've been waiting for. Save $75 instantly and get free shipping over $50. A new product. The luxury standard. While supplies last. Rated 4.8/5 by thousands.,Beauty & Cosmetics,0.023059,103944,1,2,3,0,0,0
The credit card you've been waiting for. Ends soon. Budget-friendly. A new product. A smarter choice.,Finance / Fintech,0.010029,129994,1,0,0,0,0,2
"The unlimited data plan you've been waiting for. #1 rated in its category, backed by 25,000 five-star reviews. Grab yours now. Ends soon. Budget-friendly. Cut your bill by half.",Telecom,0.013436,26685,1,3,2,2,0,2
"The family sedan you've been waiting for. Rated 4.8/5 by thousands. Affordable for everyone. A new product. A smarter choice. Ends soon. Start your free trial — no credit card, cancel anytime.",Automotive,0.00941,61079,1,2,0,3,0,2
"The downtown condo you've been waiting for. Lowest price guaranteed. Start your free trial — no credit card, cancel anytime. Save $75 instantly and get free shipping over $50. A customer favorite. Ends soon.",Real Estate,0.008278,111554,1,1,3,3,0,3
The skincare set you've been waiting for. Budget-friendly. Rated 4.8/5 by thousands. Claim your discount. Ends soon. A smarter choice. Here's why it works.,Beauty & Cosmetics,0.02865,107609,1,2,0,2,1,2
"The game pass you've been waiting for. A new product. Save on your order. Start your free trial — no credit card, cancel anytime. Quality you can trust. Ends soon. #1 rated in its category, backed by 25,000 five-star reviews.",Gaming,0.03767,71064,1,3,1,3,0,1
The credit card you've been waiting for. Here's why it works. For everyone. Quality you can trust. Grab yours now. 48-hour flash sale. Great value.,Finance / Fintech,0.011051,70092,3,0,0,2,1,1
The unlimited data plan you've been waiting for. Loved by customers. Offer expires today — act now. Save $75 instantly and get free shipping over $50. Affordable for everyone. What nobody tells you about.,Telecom,0.011625,91653,3,1,3,0,2,2
The wireless headphones you've been waiting for. While supplies last. Save $75 instantly and get free shipping over $50. The counterintuitive trick that doubled our results. A customer favorite. Start your free trial. Premium craftsmanship.,Consumer Electronics,0.019646,98050,1,1,3,2,3,0
The credit card you've been waiting for. The luxury standard. Start your free trial. Real savings inside. The counterintuitive trick that doubled our results.,Finance / Fintech,0.008312,69604,0,0,1,2,3,0
"The unlimited data plan you've been waiting for. You'll want to see this. Affordable for everyone. #1 rated in its category, backed by 25,000 five-star reviews. Save $75 instantly and get free shipping over $50. Claim your discount. Available now.",Telecom,0.013431,132493,0,3,3,2,1,2
"The downtown condo you've been waiting for. Get 40% off. Final hours. Join 50,000 happy customers. Quality you can trust. Claim your discount. Here's why it works.",Real Estate,0.008632,154414,2,2,2,2,1,1
The wireless headphones you've been waiting for. Here's why it works. Shop the collection. Start your free trial. For everyone. Save $75 instantly and get free shipping over $50. Budget-friendly.,Consumer Electronics,0.019869,37091,0,0,3,2,1,2
"The designer watch you've been waiting for. The secret pros use. Unbeatable price. Claim your discount. Join 50,000 happy customers. Save $75 instantly and get free shipping over $50.",Luxury Goods,0.012284,57144,0,2,3,2,2,3
The skincare set you've been waiting for. Budget-friendly. Don't miss out. Save on your order. Grab yours now. For everyone. The secret pros use.,Beauty & Cosmetics,0.026417,9834,1,0,1,2,2,2
"The monthly donation you've been waiting for. The counterintuitive trick that doubled our results. Trusted by 10,000+ buyers. Available now. Cut your bill by half. Start your free trial. The luxury standard.",Nonprofit,0.013033,43340,0,2,2,2,3,0
The daily supplements you've been waiting for. Great value. Lowest price guaranteed. Learn more. Ends soon.,Health & Wellness,0.014727,25857,1,0,0,0,0,3
"The garden kit you've been waiting for. Quality you can trust. Get started. A smarter choice. The counterintuitive trick that doubled our results. Trusted by 10,000+ buyers. Shop the collection.",Home & Garden,0.01481,118997,0,2,0,1,3,1
The wireless headphones you've been waiting for. The luxury standard. You'll want to see this. Claim your discount. Great value. For everyone. Last chance.,Consumer Electronics,0.015418,33954,2,0,0,2,1,0
The designer watch you've been waiting for. Save 30% today. Affordable for everyone. The counterintuitive trick that doubled our results. Start your free trial.,Luxury Goods,0.008964,127979,0,0,2,2,3,2
"The getaway package you've been waiting for. For everyone. Start your free trial — no credit card, cancel anytime. Quality you can trust. Ends at midnight tonight. The secret pros use. Save $75 instantly and get free shipping over $50.",Travel & Hospitality,0.019637,54327,3,0,3,3,2,1
"The training program you've been waiting for. Start your free trial. Don't miss out. Lowest price guaranteed. What nobody tells you about. Join 50,000 happy customers. Cut your bill by half.",Fitness,0.030651,73253,1,2,2,2,2,3
"The sneakers you've been waiting for. Claim your discount. Only 24 hours left. A smarter choice. Join 50,000 happy customers. Unbeatable price.",E-commerce Fashion,0.024878,194819,2,2,0,2,0,3
The getaway package you've been waiting for. Real savings inside. Learn more. Lowest price guaranteed. Don't miss out. For everyone. Here's why it works.,Travel & Hospitality,0.015677,180797,1,0,1,0,1,3
The designer watch you've been waiting for. Try it today. Great value. Ends soon. Affordable for everyone. A customer favorite.,Luxury Goods,0.008373,138857,1,1,0,1,0,2
The insurance plan you've been waiting for. Unbeatable price. The counterintuitive trick that doubled our results. Only 24 hours left. Save $75 instantly and get free shipping over $50. Get started. For everyone.,Insurance,0.007151,40818,2,0,3,1,3,3
The credit card you've been waiting for. Here's why it works. Highly rated. Lowest price guaranteed. Claim your discount. Get 40% off. Offer expires today — act now.,Finance / Fintech,0.015341,83200,3,1,2,2,1,3
The designer watch you've been waiting for. Get started. Save 30% today. A new product. Lowest price guaranteed. Highly rated. Don't miss out.,Luxury Goods,0.011099,20333,1,1,2,1,0,3
The garden kit you've been waiting for. Highly rated. Today only. Here's why it works. Unbeatable price. Save 30% today.,Home & Garden,0.018353,98898,2,1,2,0,1,3
The insurance plan you've been waiting for. For everyone. The secret pros use. Save $75 instantly and get free shipping over $50. Budget-friendly. Shop the collection. Grab yours now.,Insurance,0.006136,25621,0,0,3,2,2,2
"The insurance plan you've been waiting for. Shop now. #1 rated in its category, backed by 25,000 five-star reviews. Premium craftsmanship. Only 24 hours left. Save $75 instantly and get free shipping over $50. Here's why it works.",Insurance,0.006564,84621,2,3,3,1,1,0
"The credit card you've been waiting for. Ends soon. Start your free trial — no credit card, cancel anytime. Save $75 instantly and get free shipping over $50. Budget-friendly. For everyone. The counterintuitive trick that doubled our results.",Finance / Fintech,0.013474,125648,1,0,3,3,3,2
The game pass you've been waiting for. Rated 4.8/5 by thousands. Claim your discount. Here's why it works. Unbeatable price. Offer expires today — act now. Real savings inside.,Gaming,0.04415,140556,3,2,1,2,1,3
The training program you've been waiting for. A customer favorite. Save $75 instantly and get free shipping over $50. Try it today. Only 24 hours left. The luxury standard. The counterintuitive trick that doubled our results.,Fitness,0.020964,196609,2,1,3,1,3,0
"The online course you've been waiting for. Join 50,000 happy customers. Start your free trial — no credit card, cancel anytime. The luxury standard. A smarter choice.",Education / e-Learning,0.009776,19013,0,2,0,3,0,0
"The family sedan you've been waiting for. 48-hour flash sale. The secret pros use. Get 40% off. Lowest price guaranteed. Start your free trial — no credit card, cancel anytime. For everyone.",Automotive,0.011585,164943,3,0,2,3,2,3
The designer watch you've been waiting for. Affordable for everyone. Only 24 hours left. Save $75 instantly and get free shipping over $50. A customer favorite. What nobody tells you about. Claim your discount.,Luxury Goods,0.014085,174947,2,1,3,2,2,2
"The designer watch you've been waiting for. The counterintuitive trick that doubled our results. Ends soon. Premium craftsmanship. #1 rated in its category, backed by 25,000 five-star reviews. Cut your bill by half. Start your free trial — no credit card, cancel anytime.",Luxury Goods,0.011277,163546,1,3,2,3,3,0
The online course you've been waiting for. 48-hour flash sale. Save $75 instantly and get free shipping over $50. Claim your discount. Premium craftsmanship. The secret pros use.,Education / e-Learning,0.01367,90967,3,0,3,2,2,0
"The insurance plan you've been waiting for. #1 rated in its category, backed by 25,000 five-star reviews. Real savings inside. Affordable for everyone. While supplies last. A new product. Get started.",Insurance,0.006802,129197,1,3,1,1,0,2
"The designer watch you've been waiting for. Start your free trial — no credit card, cancel anytime. The counterintuitive trick that doubled our results. Save $75 instantly and get free shipping over $50. #1 rated in its category, backed by 25,000 five-star reviews. The luxury standard.",Luxury Goods,0.010301,104603,0,3,3,3,3,0
The coffee subscription you've been waiting for. Don't miss out. Save on your order. The secret pros use. Unbeatable price. Get started.,Food & Beverage,0.019645,36311,1,0,1,1,2,3
The family sedan you've been waiting for. Only 24 hours left. Lowest price guaranteed. What nobody tells you about. Try it today. Save on your order.,Automotive,0.009064,177007,2,0,1,1,2,3
"The online course you've been waiting for. Final hours. Grab yours now. Budget-friendly. #1 rated in its category, backed by 25,000 five-star reviews. The secret pros use. Real savings inside.",Education / e-Learning,0.020672,30761,2,3,1,2,2,2
"The wireless headphones you've been waiting for. Ends at midnight tonight. Quality you can trust. Try it today. #1 rated in its category, backed by 25,000 five-star reviews. You'll want to see this. Cut your bill by half.",Consumer Electronics,0.023766,108457,3,3,2,1,1,1
"The getaway package you've been waiting for. Start your free trial — no credit card, cancel anytime. You'll want to see this. Affordable for everyone. 48-hour flash sale. Save $75 instantly and get free shipping over $50. For everyone.",Travel & Hospitality,0.020639,38864,3,0,3,3,1,2
"The streaming plan you've been waiting for. Start your free trial — no credit card, cancel anytime. Real savings inside. Offer expires today — act now. For everyone. Affordable for everyone. What nobody tells you about.",Entertainment / Streaming,0.032101,61744,3,0,1,3,2,2
"The online course you've been waiting for. Quality you can trust. What nobody tells you about. Final hours. Save $75 instantly and get free shipping over $50. Join 50,000 happy customers. Try it today.",Education / e-Learning,0.015739,169710,2,2,3,1,2,1
"The unlimited data plan you've been waiting for. Trusted by 10,000+ buyers. Lowest price guaranteed. A new product. Final hours. Start your free trial — no credit card, cancel anytime. Great value.",Telecom,0.012215,104525,2,2,0,3,0,3
The software suite you've been waiting for. Loved by customers. Final hours. Try it today. Budget-friendly. Cut your bill by half. You'll want to see this.,SaaS / B2B,0.010633,190090,2,1,2,1,1,2
The downtown condo you've been waiting for. The secret pros use. Highly rated. While supplies last. Budget-friendly. Shop now. Real savings inside.,Real Estate,0.008234,98715,1,1,1,1,2,2
"The getaway package you've been waiting for. Affordable for everyone. While supplies last. Trusted by 10,000+ buyers. Save on your order. What nobody tells you about. Start your free trial.",Travel & Hospitality,0.016657,136337,1,2,1,2,2,2
"The skincare set you've been waiting for. Save $75 instantly and get free shipping over $50. Trusted by 10,000+ buyers. Offer expires today — act now. Grab yours now. Quality you can trust.",Beauty & Cosmetics,0.037161,26106,3,2,3,2,0,1
The garden kit you've been waiting for. Loved by customers. Shop now. What nobody tells you about. While supplies last. Great value. Affordable for everyone.,Home & Garden,0.01655,166620,1,1,0,1,2,2
The game pass you've been waiting for. Get started. Available now. The secret pros use. Great value. Premium craftsmanship.,Gaming,0.017688,62655,0,0,0,1,2,0
"The daily supplements you've been waiting for. Get started. Budget-friendly. #1 rated in its category, backed by 25,000 five-star reviews. Real savings inside. Ends at midnight tonight. The secret pros use.",Health & Wellness,0.02198,33811,3,3,1,1,2,2
"The streaming plan you've been waiting for. #1 rated in its category, backed by 25,000 five-star reviews. You'll want to see this. Only 24 hours left. Budget-friendly. Start your free trial — no credit card, cancel anytime. Cut your bill by half.",Entertainment / Streaming,0.034297,171270,2,3,2,3,1,2
"The designer watch you've been waiting for. Learn more. Save $75 instantly and get free shipping over $50. #1 rated in its category, backed by 25,000 five-star reviews. You'll want to see this. Quality you can trust.",Luxury Goods,0.010114,77042,0,3,3,0,1,1
"The game pass you've been waiting for. The luxury standard. Start your free trial — no credit card, cancel anytime. #1 rated in its category, backed by 25,000 five-star reviews. A new product. Save $75 instantly and get free shipping over $50.",Gaming,0.030311,116079,0,3,3,3,0,0
The family sedan you've been waiting for. 48-hour flash sale. Quality you can trust. Save $75 instantly and get free shipping over $50. Try it today. You'll want to see this.,Automotive,0.009194,51513,3,0,3,1,1,1
"The coffee subscription you've been waiting for. Save on your order. Claim your discount. Lowest price guaranteed. #1 rated in its category, backed by 25,000 five-star reviews. 48-hour flash sale. The secret pros use.",Food & Beverage,0.032219,126393,3,3,1,2,2,3
"The designer watch you've been waiting for. Start your free trial — no credit card, cancel anytime. Real savings inside. Premium craftsmanship. A customer favorite. Today only.",Luxury Goods,0.008636,139247,2,1,1,3,0,0
The insurance plan you've been waiting for. Here's why it works. Start your free trial. Real savings inside. Lowest price guaranteed. Ends at midnight tonight.,Insurance,0.007828,86066,3,0,1,2,1,3
"The insurance plan you've been waiting for. Start your free trial — no credit card, cancel anytime. The luxury standard. Here's why it works. Save $75 instantly and get free shipping over $50. Only 24 hours left. For everyone.",Insurance,0.006583,90512,2,0,3,3,1,0
"The grain-free pet food you've been waiting for. Join 50,000 happy customers. A new product. Real savings inside. Affordable for everyone. Available now. Start your free trial — no credit card, cancel anytime.",Pet Care,0.022321,54471,0,2,1,3,0,2
"The wireless headphones you've been waiting for. A smarter choice. The counterintuitive trick that doubled our results. Start your free trial — no credit card, cancel anytime. Premium craftsmanship. Last chance.",Consumer Electronics,0.018808,50514,2,0,0,3,3,0
"The game pass you've been waiting for. Budget-friendly. #1 rated in its category, backed by 25,000 five-star reviews. Ends at midnight tonight. A smarter choice. A new product. Start your free trial.",Gaming,0.03885,150406,3,3,0,2,0,2
"The credit card you've been waiting for. Start your free trial — no credit card, cancel anytime. Lowest price guaranteed. Save $75 instantly and get free shipping over $50. Don't miss out. A new product. Join 50,000 happy customers.",Finance / Fintech,0.017937,54618,1,2,3,3,0,3
The getaway package you've been waiting for. Save $75 instantly and get free shipping over $50. Budget-friendly. Start your free trial. What nobody tells you about. For everyone. While supplies last.,Travel & Hospitality,0.017819,154946,1,0,3,2,2,2
"The getaway package you've been waiting for. 48-hour flash sale. Save $75 instantly and get free shipping over $50. Quality you can trust. Try it today. The counterintuitive trick that doubled our results. #1 rated in its category, backed by 25,000 five-star reviews.",Travel & Hospitality,0.020973,111939,3,3,3,1,3,1
"The garden kit you've been waiting for. Start your free trial. The counterintuitive trick that doubled our results. Today only. Quality you can trust. Save on your order. #1 rated in its category, backed by 25,000 five-star reviews.",Home & Garden,0.020799,45407,2,3,1,2,3,1
"The online course you've been waiting for. A new product. Available now. A smarter choice. #1 rated in its category, backed by 25,000 five-star reviews. Lowest price guaranteed.",Education / e-Learning,0.013681,30264,0,3,0,0,0,3
"The coffee subscription you've been waiting for. Quality you can trust. Don't miss out. Real savings inside. Get started. #1 rated in its category, backed by 25,000 five-star reviews. The counterintuitive trick that doubled our results.",Food & Beverage,0.021821,188906,1,3,1,1,3,1
"The wireless headphones you've been waiting for. Save $75 instantly and get free shipping over $50. Grab yours now. The counterintuitive trick that doubled our results. #1 rated in its category, backed by 25,000 five-star reviews. Lowest price guaranteed.",Consumer Electronics,0.024879,53525,0,3,3,2,3,3
"The sneakers you've been waiting for. Save on your order. Rated 4.8/5 by thousands. You'll want to see this. Shop the collection. Quality you can trust. Start your free trial — no credit card, cancel anytime.",E-commerce Fashion,0.024249,193013,0,2,1,3,1,1
"The daily supplements you've been waiting for. Ends soon. Quality you can trust. Trusted by 10,000+ buyers. Get 40% off. What nobody tells you about. Get started.",Health & Wellness,0.018037,59299,1,2,2,1,2,1
The skincare set you've been waiting for. Quality you can trust. Here's why it works. Shop the collection. Get 40% off. Start your free trial.,Beauty & Cosmetics,0.020477,30386,0,0,2,2,1,1
The monthly donation you've been waiting for. Premium craftsmanship. Final hours. Save $75 instantly and get free shipping over $50. Loved by customers. Start your free trial. The counterintuitive trick that doubled our results.,Nonprofit,0.014202,98174,2,1,3,2,3,0
"The downtown condo you've been waiting for. Start your free trial — no credit card, cancel anytime. Loved by customers. Save $75 instantly and get free shipping over $50. You'll want to see this. Quality you can trust. Ends soon.",Real Estate,0.0085,8774,1,1,3,3,1,1
"The wireless headphones you've been waiting for. Shop the collection. Get 40% off. Quality you can trust. Start your free trial — no credit card, cancel anytime. The counterintuitive trick that doubled our results.",Consumer Electronics,0.018393,151331,0,0,2,3,3,1
The skincare set you've been waiting for. Budget-friendly. 48-hour flash sale. Shop now. Cut your bill by half.,Beauty & Cosmetics,0.030516,176561,3,0,2,1,0,2
"The unlimited data plan you've been waiting for. Start your free trial — no credit card, cancel anytime. Quality you can trust. You'll want to see this. Ends at midnight tonight. Save on your order. Rated 4.8/5 by thousands.",Telecom,0.015708,141366,3,2,1,3,1,1
"The unlimited data plan you've been waiting for. A new product. Start your free trial — no credit card, cancel anytime. Get 40% off. Don't miss out. A customer favorite. Quality you can trust.",Telecom,0.01098,22687,1,1,2,3,0,1
The streaming plan you've been waiting for. For everyone. Affordable for everyone. The counterintuitive trick that doubled our results. Save 30% today. Shop now. Only 24 hours left.,Entertainment / Streaming,0.033004,12377,2,0,2,1,3,2
The getaway package you've been waiting for. Lowest price guaranteed. Don't miss out. A smarter choice. Loved by customers. Try it today. A new product.,Travel & Hospitality,0.01452,65393,1,1,0,1,0,3
The online course you've been waiting for. Quality you can trust. Save on your order. The secret pros use. Rated 4.8/5 by thousands.,Education / e-Learning,0.011043,11430,0,2,1,0,2,1
"The family sedan you've been waiting for. Great value. Here's why it works. Premium craftsmanship. 48-hour flash sale. #1 rated in its category, backed by 25,000 five-star reviews.",Automotive,0.008095,57200,3,3,0,0,1,0
The streaming plan you've been waiting for. A new product. Quality you can trust. Claim your discount. Ends soon. Get 40% off. Loved by customers.,Entertainment / Streaming,0.027912,89885,1,1,2,2,0,1
"The skincare set you've been waiting for. You'll want to see this. Loved by customers. Start your free trial — no credit card, cancel anytime. Real savings inside. Last chance. Premium craftsmanship.",Beauty & Cosmetics,0.022275,177100,2,1,1,3,1,0
The wireless headphones you've been waiting for. The counterintuitive trick that doubled our results. Quality you can trust. Save on your order. Try it today. Shop the collection.,Consumer Electronics,0.0137,175067,0,0,1,1,3,1
"The getaway package you've been waiting for. Real savings inside. Start your free trial — no credit card, cancel anytime. What nobody tells you about. Only 24 hours left. Rated 4.8/5 by thousands. Quality you can trust.",Travel & Hospitality,0.017867,142147,2,2,1,3,2,1
"The coffee subscription you've been waiting for. Learn more. Ends soon. Trusted by 10,000+ buyers. You'll want to see this. Budget-friendly. A smarter choice.",Food & Beverage,0.017865,26152,1,2,0,0,1,2
"The sneakers you've been waiting for. Start your free trial. You'll want to see this. Available now. Save $75 instantly and get free shipping over $50. Quality you can trust. #1 rated in its category, backed by 25,000 five-star reviews.",E-commerce Fashion,0.025285,28811,0,3,3,2,1,1
The monthly donation you've been waiting for. Save on your order. Here's why it works. Affordable for everyone. For everyone. Learn more.,Nonprofit,0.009836,18949,0,0,1,0,1,2
The sneakers you've been waiting for. Save 30% today. Shop now. A customer favorite. Affordable for everyone. Offer expires today — act now. What nobody tells you about.,E-commerce Fashion,0.026445,118530,3,1,2,1,2,2
The skincare set you've been waiting for. Learn more. Save $75 instantly and get free shipping over $50. Quality you can trust. The counterintuitive trick that doubled our results. Don't miss out.,Beauty & Cosmetics,0.024723,177489,1,0,3,0,3,1
The skincare set you've been waiting for. Premium craftsmanship. 48-hour flash sale. Loved by customers. Grab yours now. Save $75 instantly and get free shipping over $50. What nobody tells you about.,Beauty & Cosmetics,0.030774,48826,3,1,3,2,2,0
"The credit card you've been waiting for. Shop now. Get 40% off. The secret pros use. #1 rated in its category, backed by 25,000 five-star reviews. Lowest price guaranteed.",Finance / Fintech,0.013974,98400,0,3,2,1,2,3
"The software suite you've been waiting for. You'll want to see this. Join 50,000 happy customers. Ends soon. Budget-friendly. Cut your bill by half. Start your free trial — no credit card, cancel anytime.",SaaS / B2B,0.013685,111193,1,2,2,3,1,2
The training program you've been waiting for. Shop the collection. What nobody tells you about. Loved by customers. Unbeatable price. Learn more. Save 30% today.,Fitness,0.021574,198719,0,1,2,0,2,3
The coffee subscription you've been waiting for. Unbeatable price. Save 30% today. Ends at midnight tonight. You'll want to see this.,Food & Beverage,0.02263,65288,3,0,2,0,1,3
"The training program you've been waiting for. Join 50,000 happy customers. Offer expires today — act now. Budget-friendly. The secret pros use. Real savings inside. Learn more.",Fitness,0.022137,122957,3,2,1,0,2,2
The coffee subscription you've been waiting for. Get started. The counterintuitive trick that doubled our results. Save $75 instantly and get free shipping over $50. 48-hour flash sale. Lowest price guaranteed.,Food & Beverage,0.024292,53327,3,0,3,1,3,3
"The unlimited data plan you've been waiting for. Ends soon. Learn more. A smarter choice. Join 50,000 happy customers. The luxury standard.",Telecom,0.00646,13439,1,2,0,0,0,0
"The designer watch you've been waiting for. Unbeatable price. Get 40% off. Start your free trial — no credit card, cancel anytime. A customer favorite. What nobody tells you about.",Luxury Goods,0.011379,53522,0,1,2,3,2,3
"The daily supplements you've been waiting for. Join 50,000 happy customers. Get 40% off. The counterintuitive trick that doubled our results. Available now. Shop now. Lowest price guaranteed.",Health & Wellness,0.022873,164364,0,2,2,1,3,3
"The sneakers you've been waiting for. Save on your order. Start your free trial — no credit card, cancel anytime. Loved by customers. A new product. Unbeatable price.",E-commerce Fashion,0.026361,124948,0,1,1,3,0,3
"The unlimited data plan you've been waiting for. Great value. Available now. Lowest price guaranteed. Shop now. #1 rated in its category, backed by 25,000 five-star reviews.",Telecom,0.010448,174961,0,3,0,1,0,3
The garden kit you've been waiting for. Grab yours now. Premium craftsmanship. For everyone. Get 40% off. The counterintuitive trick that doubled our results. While supplies last.,Home & Garden,0.013907,125295,1,0,2,2,3,0
The downtown condo you've been waiting for. What nobody tells you about. While supplies last. Affordable for everyone. Try it today. A smarter choice.,Real Estate,0.006391,88134,1,0,0,1,2,2
"The software suite you've been waiting for. Try it today. Save $75 instantly and get free shipping over $50. The luxury standard. Join 50,000 happy customers. The secret pros use.",SaaS / B2B,0.008945,194241,0,2,3,1,2,0
"The insurance plan you've been waiting for. Ends at midnight tonight. What nobody tells you about. Quality you can trust. Start your free trial — no credit card, cancel anytime. Great value. #1 rated in its category, backed by 25,000 five-star reviews.",Insurance,0.008739,186679,3,3,0,3,2,1
"The getaway package you've been waiting for. Join 50,000 happy customers. Save $75 instantly and get free shipping over $50. Learn more. Offer expires today — act now. Premium craftsmanship. The counterintuitive trick that doubled our results.",Travel & Hospitality,0.015373,157910,3,2,3,0,3,0
"The monthly donation you've been waiting for. A new product. Last chance. Save 30% today. Rated 4.8/5 by thousands. Start your free trial — no credit card, cancel anytime. Lowest price guaranteed.",Nonprofit,0.018871,91345,2,2,2,3,0,3
"The insurance plan you've been waiting for. Premium craftsmanship. Great value. Start your free trial — no credit card, cancel anytime. Ends at midnight tonight. For everyone.",Insurance,0.006751,68417,3,0,0,3,0,0
The unlimited data plan you've been waiting for. Offer expires today — act now. Get 40% off. Affordable for everyone. Here's why it works. Learn more.,Telecom,0.011266,149582,3,0,2,0,1,2
The daily supplements you've been waiting for. Try it today. For everyone. Final hours. Great value. What nobody tells you about. Premium craftsmanship.,Health & Wellness,0.013801,182224,2,0,0,1,2,0
"The software suite you've been waiting for. Highly rated. Save $75 instantly and get free shipping over $50. Unbeatable price. The secret pros use. Don't miss out. Start your free trial — no credit card, cancel anytime.",SaaS / B2B,0.012657,78258,1,1,3,3,2,3
The monthly donation you've been waiting for. Great value. Start your free trial. Rated 4.8/5 by thousands. Affordable for everyone. While supplies last. The secret pros use.,Nonprofit,0.013858,170902,1,2,0,2,2,2
The coffee subscription you've been waiting for. Rated 4.8/5 by thousands. Affordable for everyone. Claim your discount. A new product. A smarter choice. Ends at midnight tonight.,Food & Beverage,0.026641,25617,3,2,0,2,0,2
The garden kit you've been waiting for. A new product. A customer favorite. Available now. Get 40% off. Lowest price guaranteed. Start your free trial.,Home & Garden,0.017854,152193,0,1,2,2,0,3
"The daily supplements you've been waiting for. Real savings inside. The counterintuitive trick that doubled our results. Final hours. Quality you can trust. Grab yours now. #1 rated in its category, backed by 25,000 five-star reviews.",Health & Wellness,0.019893,127432,2,3,1,2,3,1
The garden kit you've been waiting for. Budget-friendly. Learn more. While supplies last. Get 40% off. A new product.,Home & Garden,0.011735,94592,1,0,2,0,0,2
The grain-free pet food you've been waiting for. Great value. Unbeatable price. Here's why it works. Loved by customers. Claim your discount.,Pet Care,0.022528,123784,0,1,0,2,1,3
"The software suite you've been waiting for. Trusted by 10,000+ buyers. Shop the collection. The counterintuitive trick that doubled our results. Quality you can trust. Start your free trial. Save $75 instantly and get free shipping over $50.",SaaS / B2B,0.010596,61859,0,2,3,2,3,1
"The coffee subscription you've been waiting for. Ends soon. What nobody tells you about. Affordable for everyone. Join 50,000 happy customers. Great value. Grab yours now.",Food & Beverage,0.020529,100263,1,2,0,2,2,2
"The game pass you've been waiting for. Join 50,000 happy customers. Here's why it works. Save 30% today. Affordable for everyone. Claim your discount.",Gaming,0.032821,147594,0,2,2,2,1,2
"The training program you've been waiting for. Quality you can trust. Trusted by 10,000+ buyers. The counterintuitive trick that doubled our results. Learn more. Cut your bill by half.",Fitness,0.019165,38950,0,2,2,0,3,1
"The daily supplements you've been waiting for. Join 50,000 happy customers. Available now. Budget-friendly. Here's why it works. Save on your order.",Health & Wellness,0.015928,138031,0,2,1,0,1,2
The coffee subscription you've been waiting for. Quality you can trust. A new product. 48-hour flash sale. Save $75 instantly and get free shipping over $50.,Food & Beverage,0.020924,134127,3,0,3,0,0,1
"The grain-free pet food you've been waiting for. The counterintuitive trick that doubled our results. A customer favorite. Budget-friendly. Start your free trial — no credit card, cancel anytime. Save 30% today.",Pet Care,0.025628,148101,0,1,2,3,3,2
"The grain-free pet food you've been waiting for. #1 rated in its category, backed by 25,000 five-star reviews. Don't miss out. Save on your order. Quality you can trust. Here's why it works.",Pet Care,0.021222,81826,1,3,1,0,1,1
"The garden kit you've been waiting for. Lowest price guaranteed. Start your free trial — no credit card, cancel anytime. #1 rated in its category, backed by 25,000 five-star reviews. Last chance. A smarter choice. You'll want to see this.",Home & Garden,0.02079,180678,2,3,0,3,1,3
"The downtown condo you've been waiting for. Real savings inside. Start your free trial — no credit card, cancel anytime. Budget-friendly. 48-hour flash sale.",Real Estate,0.008899,78655,3,0,1,3,0,2
"The game pass you've been waiting for. What nobody tells you about. #1 rated in its category, backed by 25,000 five-star reviews. Start your free trial. A smarter choice. Available now. Budget-friendly.",Gaming,0.030698,19693,0,3,0,2,2,2
The insurance plan you've been waiting for. Unbeatable price. What nobody tells you about. Save on your order. Try it today.,Insurance,0.006729,191939,0,0,1,1,2,3
The unlimited data plan you've been waiting for. Save $75 instantly and get free shipping over $50. Shop now. A customer favorite. Budget-friendly. Last chance.,Telecom,0.013739,32785,2,1,3,1,0,2
"The family sedan you've been waiting for. Don't miss out. #1 rated in its category, backed by 25,000 five-star reviews. Quality you can trust. Learn more. Save 30% today. The counterintuitive trick that doubled our results.",Automotive,0.008891,125549,1,3,2,0,3,1
The software suite you've been waiting for. Unbeatable price. Highly rated. A new product. Only 24 hours left. A smarter choice. Learn more.,SaaS / B2B,0.010571,71212,2,1,0,0,0,3
"The sneakers you've been waiting for. Start your free trial — no credit card, cancel anytime. Only 24 hours left. Get 40% off. Budget-friendly.",E-commerce Fashion,0.027887,116665,2,0,2,3,0,2
The unlimited data plan you've been waiting for. Great value. The luxury standard. Get started. You'll want to see this. Shop the collection.,Telecom,0.006144,184843,0,0,0,1,1,0
The daily supplements you've been waiting for. Budget-friendly. Try it today. Get 40% off. Highly rated. The secret pros use. Only 24 hours left.,Health & Wellness,0.019488,49625,2,1,2,1,2,2
"The grain-free pet food you've been waiting for. Last chance. The counterintuitive trick that doubled our results. Try it today. A smarter choice. Lowest price guaranteed. Join 50,000 happy customers.",Pet Care,0.027912,164344,2,2,0,1,3,3
The grain-free pet food you've been waiting for. Rated 4.8/5 by thousands. Claim your discount. Premium craftsmanship. 48-hour flash sale. Save on your order. What nobody tells you about.,Pet Care,0.026638,29374,3,2,1,2,2,0
"The sneakers you've been waiting for. Real savings inside. Affordable for everyone. The counterintuitive trick that doubled our results. Join 50,000 happy customers. Offer expires today — act now. Claim your discount.",E-commerce Fashion,0.027591,57222,3,2,1,2,3,2
